LapNumber,Driver,LapTime,Stint,TotalLaps,Compound,New,TyresNotChanged,Time,LapFlags,LapCountTime,StartLaps,Outlap
,18,,0,7.0,SOFT,False,0,0 days 00:13:01.780000,0.0,,7.0,
,27,,0,0.0,SOFT,True,0,0 days 00:13:06.780000,0.0,,0.0,
,5,,0,0.0,SOFT,True,0,0 days 00:13:16.791000,0.0,,0.0,
,14,,0,3.0,SOFT,False,0,0 days 00:13:21.806000,0.0,,3.0,
,22,,0,5.0,SOFT,False,0,0 days 00:13:26.850000,0.0,,5.0,
,55,,0,3.0,SOFT,False,0,0 days 00:13:26.850000,0.0,,3.0,
,87,,0,0.0,SOFT,True,0,0 days 00:13:36.850000,0.0,,0.0,
,6,,0,0.0,UNKNOWN,False,0,0 days 00:13:46.824000,0.0,,0.0,
,31,,0,0.0,UNKNOWN,False,0,0 days 00:13:51.834000,0.0,,0.0,
,6,,0,6.0,SOFT,,,0 days 00:13:51.834000,,,6.0,
,31,,0,,SOFT,True,,0 days 00:13:56.875000,,,,
,10,,0,3.0,SOFT,False,0,0 days 00:14:01.829000,0.0,,3.0,
,7,,0,0.0,SOFT,True,0,0 days 00:14:11.846000,0.0,,0.0,
,30,,0,6.0,SOFT,False,0,0 days 00:14:26.907000,0.0,,6.0,
,4,,0,4.0,SOFT,False,0,0 days 00:14:36.860000,0.0,,4.0,
,16,,0,0.0,UNKNOWN,False,0,0 days 00:14:41.907000,0.0,,0.0,
,16,,0,3.0,SOFT,,,0 days 00:14:46.860000,,,3.0,
,18,,0,8.0,,,,0 days 00:14:51.860000,,,,
,44,,0,3.0,SOFT,False,0,0 days 00:14:56.900000,0.0,,3.0,
,27,,0,1.0,,,,0 days 00:14:56.900000,,,,
,5,,0,1.0,,,,0 days 00:15:01.870000,,,,
,81,,0,5.0,SOFT,False,0,0 days 00:15:06.885000,0.0,,5.0,
,14,,0,4.0,,,,0 days 00:15:06.885000,,,,
,23,,0,3.0,SOFT,False,0,0 days 00:15:11.885000,0.0,,3.0,
,22,,0,6.0,,,,0 days 00:15:16.885000,,,,
,55,,0,4.0,,,,0 days 00:15:26.924000,,,,
,87,,0,1.0,,,,0 days 00:15:32.034000,,,,
,6,,0,7.0,,,,0 days 00:15:41.893000,,,,
,31,,0,1.0,,,,0 days 00:15:56.892000,,,,
,12,,0,3.0,SOFT,False,0,0 days 00:16:06.904000,0.0,,3.0,
,10,,0,4.0,,,,0 days 00:16:06.904000,,,,
,7,,0,1.0,,,,0 days 00:16:11.891000,,,,
,63,,0,3.0,SOFT,False,0,0 days 00:16:16.907000,0.0,,3.0,
,18,,0,9.0,,,,0 days 00:16:21.938000,,,,
3.0,18,0 days 00:01:33.024000,0,,,,,0 days 00:16:21.969000,3.0,,,
,30,,0,7.0,,,,0 days 00:16:26.898000,,,,
,27,,0,2.0,,,,0 days 00:16:31.909000,,,,
3.0,27,0 days 00:01:32.677000,0,,,,,0 days 00:16:32.101000,3.0,,,
,18,,0,,,,,0 days 00:16:32.101000,1.0,,,
,4,,0,5.0,,,,0 days 00:16:36.905000,,,,
,5,,0,2.0,,,,0 days 00:16:36.905000,,,,
3.0,5,0 days 00:01:32.936000,0,,,,,0 days 00:16:36.920000,1.0,,,
,14,,0,5.0,,,,0 days 00:16:41.905000,,,,
3.0,14,0 days 00:01:33.191000,0,,,,,0 days 00:16:41.920000,1.0,,,
,16,,0,4.0,,,,0 days 00:16:51.906000,,,,
,44,,0,4.0,,,,0 days 00:16:56.953000,,,,
,55,,0,5.0,,,,0 days 00:16:56.953000,,,,
3.0,55,0 days 00:01:33.012000,0,,,,,0 days 00:16:56.969000,1.0,,,
,22,,0,7.0,,,,0 days 00:17:01.907000,,,,
2.0,22,0 days 00:01:42.292000,0,,,,,0 days 00:17:02.063000,,,,
,81,,0,6.0,,,,0 days 00:17:06.907000,,,,
,87,,0,2.0,,,,0 days 00:17:06.907000,,,,
3.0,87,0 days 00:01:32.770000,0,,,,,0 days 00:17:07,1.0,,,
,23,,0,4.0,,,,0 days 00:17:11.907000,,,,
,6,,0,8.0,,,,0 days 00:17:21.907000,,,,
2.0,6,0 days 00:01:40.077000,0,,,,,0 days 00:17:21.954000,,,,
,31,,0,2.0,,,,0 days 00:17:31.916000,,,,
,27,,0,,,,,0 days 00:17:32.104000,1.0,,,
3.0,31,0 days 00:01:32.370000,0,,,,,0 days 00:17:32.104000,3.0,,,
,10,,0,5.0,,,,0 days 00:17:36.916000,,,,
,31,,0,,,,,0 days 00:17:36.979000,1.0,,,
3.0,10,0 days 00:01:32.310000,0,,,,,0 days 00:17:36.979000,3.0,,,
,1,,0,2.0,SOFT,False,0,0 days 00:17:41.916000,0.0,,2.0,
,12,,0,4.0,,,,0 days 00:17:56.927000,,,,
,30,,0,8.0,,,,0 days 00:18:06.917000,,,,
,7,,0,2.0,,,,0 days 00:18:06.917000,,,,
2.0,7,0 days 00:01:54.995000,0,,,,,0 days 00:18:07.057000,,,,
2.0,30,0 days 00:01:41.345000,0,,,,,0 days 00:18:07.089000,,,,
,4,,0,6.0,,,,0 days 00:18:11.917000,,,,
,63,,0,4.0,,,,0 days 00:18:11.917000,,,,
3.0,4,0 days 00:01:32.036000,0,,,,,0 days 00:18:12.026000,3.0,,,
,10,,0,,,,,0 days 00:18:12.026000,1.0,,,
,18,,0,10.0,,,,0 days 00:18:21.917000,,,,
,16,,0,5.0,,,,0 days 00:18:26.917000,,,,
,14,,0,6.0,,,,0 days 00:18:26.917000,,,,
3.0,16,0 days 00:01:32.840000,0,,,,,0 days 00:18:26.979000,1.0,,,
,44,,0,5.0,,,,0 days 00:18:31.915000,,,,
,27,,0,3.0,,,,0 days 00:18:31.915000,,,,
,5,,0,3.0,,,,0 days 00:18:31.915000,,,,
,4,,0,,,,,0 days 00:18:32.009000,1.0,,,
3.0,44,0 days 00:01:31.690000,0,,,,,0 days 00:18:32.009000,3.0,,,
,81,,0,7.0,,,,0 days 00:18:36.931000,,,,
3.0,81,0 days 00:01:31.591000,0,,,,,0 days 00:18:36.977000,3.0,,,
,44,,0,,,,,0 days 00:18:36.977000,1.0,,,
,18,,1,0.0,UNKNOWN,False,1,0 days 00:18:41.931000,0.0,,0.0,
,18,,1,,SOFT,True,0,0 days 00:18:46.923000,,,,
,55,,0,6.0,,,,0 days 00:18:46.923000,,,,
3.0,6,,0,,,,,0 days 00:18:51.181000,,,,
,6,,1,0.0,SOFT,True,0,0 days 00:18:51.931000,0.0,,0.0,
,23,,0,5.0,,,,0 days 00:18:56.931000,,,,
,14,,1,0.0,SOFT,True,0,0 days 00:18:56.931000,0.0,,0.0,
2.0,23,0 days 00:01:46.860000,0,,,,,0 days 00:18:57.118000,,,,
3.0,22,,0,,,,,0 days 00:19:05.400000,,,,
,22,,1,3.0,SOFT,False,0,0 days 00:19:06.931000,0.0,,3.0,
,87,,0,3.0,,,,0 days 00:19:06.931000,,,,
,5,,1,0.0,SOFT,True,0,0 days 00:19:06.931000,0.0,,0.0,
3.0,7,,0,,,,,0 days 00:19:07.665000,,,,
,55,,1,0.0,SOFT,True,0,0 days 00:19:11.978000,0.0,,0.0,
,7,,1,0.0,SOFT,True,0,0 days 00:19:11.978000,0.0,,0.0,
,31,,0,3.0,,,,0 days 00:19:26.947000,,,,
3.0,23,,0,,,,,0 days 00:19:30.790000,,,,
,23,,1,0.0,SOFT,True,0,0 days 00:19:31.947000,0.0,,0.0,
,12,,0,5.0,,,,0 days 00:19:31.947000,,,,
,10,,0,6.0,,,,0 days 00:19:31.947000,,,,
3.0,12,0 days 00:01:32.250000,0,,,,,0 days 00:19:32.165000,1.0,,,
,63,,0,5.0,,,,0 days 00:19:41.951000,,,,
,1,,0,3.0,,,,0 days 00:19:41.951000,,,,
3.0,63,0 days 00:01:32.082000,0,,,,,0 days 00:19:42.061000,1.0,,,
3.0,30,,0,,,,,0 days 00:19:56.592000,,,,
,30,,1,0.0,UNKNOWN,False,1,0 days 00:19:56.951000,0.0,,0.0,
,4,,0,7.0,,,,0 days 00:20:01.954000,,,,
,30,,1,,SOFT,True,0,0 days 00:20:01.954000,,,,
,10,,1,0.0,SOFT,True,0,0 days 00:20:06.954000,0.0,,0.0,
,16,,0,6.0,,,,0 days 00:20:11.954000,,,,
,27,,1,0.0,SOFT,True,0,0 days 00:20:11.954000,0.0,,0.0,
,44,,0,6.0,,,,0 days 00:20:16.970000,,,,
,81,,0,8.0,,,,0 days 00:20:31.954000,,,,
,18,,1,1.0,,,,0 days 00:20:31.954000,,,,
,6,,1,1.0,,,,0 days 00:20:46.955000,,,,
,31,,1,0.0,SOFT,True,0,0 days 00:20:51.967000,0.0,,0.0,
,14,,1,1.0,,,,0 days 00:20:56.969000,,,,
,87,,1,0.0,SOFT,True,0,0 days 00:21:01.974000,0.0,,0.0,
,5,,1,1.0,,,,0 days 00:21:01.974000,,,,
,22,,1,4.0,,,,0 days 00:21:11.971000,,,,
,1,,0,4.0,,,,0 days 00:21:11.971000,,,,
,81,,0,,,,,0 days 00:21:12.267000,1.0,,,
3.0,1,0 days 00:01:31.424000,0,,,,,0 days 00:21:12.267000,3.0,,,
,7,,1,1.0,,,,0 days 00:21:17.006000,,,,
,55,,1,1.0,,,,0 days 00:21:26.967000,,,,
,63,,0,6.0,,,,0 days 00:21:31.968000,,,,
,12,,0,6.0,,,,0 days 00:21:31.968000,,,,
,23,,1,1.0,,,,0 days 00:21:36.968000,,,,
,30,,1,1.0,,,,0 days 00:21:46.975000,,,,
,44,,1,0.0,SOFT,True,0,0 days 00:21:51.976000,0.0,,0.0,
,16,,1,0.0,UNKNOWN,False,1,0 days 00:21:56.982000,0.0,,0.0,
,16,,1,,SOFT,True,0,0 days 00:22:01.969000,,,,
,18,,1,2.0,,,,0 days 00:22:01.969000,,,,
,18,,0,,,,,0 days 00:22:02.422000,0.0,,,
6.0,18,0 days 00:01:32.165000,1,,,,,0 days 00:22:02.422000,1.0,,,
,63,,1,0.0,UNKNOWN,False,1,0 days 00:22:06.985000,0.0,,0.0,
,10,,1,1.0,,,,0 days 00:22:06.985000,,,,
,63,,1,,SOFT,True,0,0 days 00:22:11.985000,,,,
,27,,1,1.0,,,,0 days 00:22:11.985000,,,,
,6,,1,2.0,,,,0 days 00:22:16.985000,,,,
5.0,6,0 days 00:01:31.824000,1,,,,,0 days 00:22:17.438000,1.0,,,
,81,,1,0.0,SOFT,True,0,0 days 00:22:22.001000,0.0,,0.0,
,4,,1,0.0,SOFT,True,0,0 days 00:22:32.004000,0.0,,0.0,
,14,,1,2.0,,,,0 days 00:22:32.004000,,,,
,12,,1,0.0,SOFT,True,0,0 days 00:22:32.004000,0.0,,0.0,
,14,,0,,,,,0 days 00:22:32.020000,0.0,,,
6.0,14,0 days 00:01:32.058000,1,,,,,0 days 00:22:32.020000,1.0,,,
,5,,1,2.0,,,,0 days 00:22:37.004000,,,,
,5,,0,,,,,0 days 00:22:37.411000,0.0,,,
6.0,5,0 days 00:01:32.141000,1,,,,,0 days 00:22:37.411000,1.0,,,
,22,,1,5.0,,,,0 days 00:22:42.004000,,,,
5.0,22,0 days 00:01:31.698000,1,,,,,0 days 00:22:42.457000,1.0,,,
,31,,1,1.0,,,,0 days 00:22:51.989000,,,,
,7,,1,2.0,,,,0 days 00:22:51.989000,,,,
5.0,7,0 days 00:01:32.511000,1,,,,,0 days 00:22:52.052000,1.0,,,
,55,,1,2.0,,,,0 days 00:22:57.001000,,,,
,55,,0,,,,,0 days 00:22:57.001000,0.0,,,
6.0,55,0 days 00:01:32.241000,1,,,,,0 days 00:22:57.001000,1.0,,,
,87,,1,1.0,,,,0 days 00:23:02.001000,,,,
,23,,1,2.0,,,,0 days 00:23:07.001000,,,,
,1,,0,5.0,,,,0 days 00:23:07.001000,,,,
5.0,23,0 days 00:01:31.970000,1,,,,,0 days 00:23:07.439000,1.0,,,
,30,,1,2.0,,,,0 days 00:23:22.001000,,,,
5.0,30,0 days 00:01:32.492000,1,,,,,0 days 00:23:22.142000,1.0,,,
,10,,1,2.0,,,,0 days 00:23:37.002000,,,,
,10,,0,,,,,0 days 00:23:37.064000,0.0,,,
6.0,10,0 days 00:01:32.214000,1,,,,,0 days 00:23:37.064000,1.0,,,
,27,,1,2.0,,,,0 days 00:23:47.002000,,,,
,27,,0,,,,,0 days 00:23:47.111000,0.0,,,
6.0,27,0 days 00:01:32.035000,1,,,,,0 days 00:23:47.111000,1.0,,,
,44,,1,1.0,,,,0 days 00:23:52.005000,,,,
,16,,1,1.0,,,,0 days 00:24:02.009000,,,,
,18,,1,3.0,,,,0 days 00:24:02.009000,,,,
,63,,1,1.0,,,,0 days 00:24:07.002000,,,,
,81,,1,1.0,,,,0 days 00:24:12.012000,,,,
,6,,1,3.0,,,,0 days 00:24:12.012000,,,,
,14,,1,3.0,,,,0 days 00:24:21.999000,,,,
,31,,1,2.0,,,,0 days 00:24:21.999000,,,,
,31,,0,,,,,0 days 00:24:22.093000,0.0,,,
6.0,31,0 days 00:01:32.212000,1,,,,,0 days 00:24:22.093000,1.0,,,
,4,,1,1.0,,,,0 days 00:24:26.999000,,,,
,12,,1,1.0,,,,0 days 00:24:31.999000,,,,
,5,,1,3.0,,,,0 days 00:24:31.999000,,,,
,22,,1,6.0,,,,0 days 00:24:37.003000,,,,
,87,,1,2.0,,,,0 days 00:24:37.003000,,,,
,87,,0,,,,,0 days 00:24:37.300000,0.0,,,
6.0,87,0 days 00:01:32.018000,1,,,,,0 days 00:24:37.300000,1.0,,,
,55,,1,3.0,,,,0 days 00:24:47.003000,,,,
,7,,1,3.0,,,,0 days 00:24:47.003000,,,,
,23,,1,3.0,,,,0 days 00:25:02.009000,,,,
,30,,1,3.0,,,,0 days 00:25:12.015000,,,,
,44,,1,2.0,,,,0 days 00:25:27.011000,,,,
6.0,44,0 days 00:01:36.706000,1,,,,,0 days 00:25:27.323000,,,,
,16,,1,2.0,,,,0 days 00:25:32.015000,,,,
,27,,1,3.0,,,,0 days 00:25:32.015000,,,,
,10,,1,3.0,,,,0 days 00:25:32.015000,,,,
,16,,0,,,,,0 days 00:25:32.171000,0.0,,,
6.0,16,0 days 00:01:32.058000,1,,,,,0 days 00:25:32.171000,1.0,,,
,63,,1,2.0,,,,0 days 00:25:42.015000,,,,
,63,,0,,,,,0 days 00:25:42.718000,0.0,,,
6.0,63,0 days 00:01:32.022000,1,,,,,0 days 00:25:42.718000,1.0,,,
,81,,1,2.0,,,,0 days 00:25:47.046000,,,,
6.0,81,0 days 00:01:31.927000,1,,,,,0 days 00:25:47.093000,,,,
,4,,1,2.0,,,,0 days 00:25:57.016000,,,,
,4,,0,,,,,0 days 00:25:57.453000,0.0,,,
6.0,4,0 days 00:01:31.933000,1,,,,,0 days 00:25:57.453000,1.0,,,
,12,,1,2.0,,,,0 days 00:26:02.075000,,,,
,12,,0,,,,,0 days 00:26:02.246000,0.0,,,
6.0,12,0 days 00:01:31.676000,1,,,,,0 days 00:26:02.246000,1.0,,,
,87,,1,3.0,,,,0 days 00:26:27.028000,,,,
,31,,1,3.0,,,,0 days 00:26:27.028000,,,,
,27,,2,0.0,SOFT,True,0,0 days 00:27:27.044000,0.0,,0.0,
,14,,2,0.0,UNKNOWN,False,1,0 days 00:27:27.044000,0.0,,0.0,
,18,,2,0.0,SOFT,True,0,0 days 00:27:27.044000,0.0,,0.0,
,14,,2,,SOFT,True,0,0 days 00:27:32.044000,,,,
,5,,2,0.0,SOFT,True,0,0 days 00:27:32.044000,0.0,,0.0,
,44,,1,3.0,,,,0 days 00:27:37.044000,,,,
,16,,1,3.0,,,,0 days 00:27:47.060000,,,,
,81,,1,3.0,,,,0 days 00:27:57.038000,,,,
,63,,1,3.0,,,,0 days 00:27:57.038000,,,,
,22,,2,0.0,SOFT,True,0,0 days 00:27:57.038000,0.0,,0.0,
,4,,1,3.0,,,,0 days 00:28:02.038000,,,,
,12,,1,3.0,,,,0 days 00:28:12.044000,,,,
,6,,2,0.0,SOFT,True,0,0 days 00:28:12.044000,0.0,,0.0,
,55,,2,0.0,SOFT,True,0,0 days 00:28:17.060000,0.0,,0.0,
,23,,2,0.0,UNKNOWN,False,1,0 days 00:28:22.060000,0.0,,0.0,
,23,,2,,SOFT,True,0,0 days 00:28:27.044000,,,,
,30,,2,0.0,SOFT,True,0,0 days 00:28:32.060000,0.0,,0.0,
,10,,2,0.0,UNKNOWN,False,1,0 days 00:28:42.063000,0.0,,0.0,
,10,,2,,SOFT,True,0,0 days 00:28:47.063000,,,,
,7,,2,0.0,SOFT,True,0,0 days 00:28:52.063000,0.0,,0.0,
,31,,2,0.0,UNKNOWN,False,1,0 days 00:28:57.079000,0.0,,0.0,
,31,,2,,SOFT,True,0,0 days 00:29:02.071000,,,,
,87,,2,0.0,SOFT,True,0,0 days 00:29:07.067000,0.0,,0.0,
,18,,2,1.0,,,,0 days 00:29:22.070000,,,,
,27,,2,1.0,,,,0 days 00:29:27.079000,,,,
,14,,2,1.0,,,,0 days 00:29:42.086000,,,,
,44,,1,4.0,,,,0 days 00:29:47.070000,,,,
,5,,2,1.0,,,,0 days 00:29:52.078000,,,,
,16,,1,4.0,,,,0 days 00:29:57.078000,,,,
,22,,2,1.0,,,,0 days 00:30:02.078000,,,,
,81,,1,4.0,,,,0 days 00:30:07.075000,,,,
,63,,1,4.0,,,,0 days 00:30:12.093000,,,,
,6,,2,1.0,,,,0 days 00:30:22.080000,,,,
,4,,1,4.0,,,,0 days 00:30:27.080000,,,,
,55,,2,1.0,,,,0 days 00:30:32.080000,,,,
,23,,2,1.0,,,,0 days 00:30:37.080000,,,,
,12,,1,4.0,,,,0 days 00:30:42.086000,,,,
,10,,2,1.0,,,,0 days 00:30:47.086000,,,,
,18,,2,2.0,,,,0 days 00:30:52.086000,,,,
,30,,2,1.0,,,,0 days 00:30:52.086000,,,,
,7,,2,1.0,,,,0 days 00:30:52.086000,,,,
,18,,1,,,,,0 days 00:30:52.258000,0.0,,,
9.0,18,0 days 00:01:31.923000,2,,,,,0 days 00:30:52.258000,1.0,,,
,87,,2,1.0,,,,0 days 00:30:57.094000,,,,
,31,,2,1.0,,,,0 days 00:30:57.094000,,,,
,27,,2,2.0,,,,0 days 00:31:02.075000,,,,
,27,,1,,,,,0 days 00:31:02.169000,0.0,,,
9.0,27,0 days 00:01:31.921000,2,,,,,0 days 00:31:02.169000,1.0,,,
,14,,2,2.0,,,,0 days 00:31:12.091000,,,,
,14,,1,,,,,0 days 00:31:12.309000,0.0,,,
9.0,14,0 days 00:01:31.719000,2,,,,,0 days 00:31:12.309000,1.0,,,
9.0,44,0 days 00:01:31.738000,1,,,,,0 days 00:31:16.137000,,,,
,44,,1,5.0,,,,0 days 00:31:17.091000,,,,
,5,,2,2.0,,,,0 days 00:31:22.091000,,,,
9.0,5,0 days 00:01:32.157000,2,,,,,0 days 00:31:22.216000,,,,
9.0,16,0 days 00:01:31.579000,1,,,,,0 days 00:31:25.684000,,,,
,16,,1,5.0,,,,0 days 00:31:27.091000,,,,
,22,,2,2.0,,,,0 days 00:31:32.091000,,,,
,22,,1,,,,,0 days 00:31:32.231000,0.0,,,
8.0,22,0 days 00:01:31.238000,2,,,,,0 days 00:31:32.231000,3.0,,,
,1,,0,,,,,0 days 00:31:32.231000,1.0,,,
9.0,63,0 days 00:01:31.295000,1,,,,,0 days 00:31:42.903000,,,,
,81,,1,5.0,,,,0 days 00:31:47.091000,,,,
,63,,1,5.0,,,,0 days 00:31:47.091000,,,,
,6,,2,2.0,,,,0 days 00:31:52.091000,,,,
,22,,2,,,,,0 days 00:31:52.138000,1.0,,,
,6,,1,,,,,0 days 00:31:52.138000,0.0,,,
8.0,6,0 days 00:01:31.162000,2,,,,,0 days 00:31:52.138000,3.0,,,
9.0,4,0 days 00:01:30.983000,1,,,,,0 days 00:31:55.841000,3.0,,,
,6,,2,,,,,0 days 00:31:55.841000,1.0,,,
,4,,1,5.0,,,,0 days 00:31:57.091000,,,,
,55,,2,2.0,,,,0 days 00:32:02.131000,,,,
,55,,1,,,,,0 days 00:32:02.194000,0.0,,,
9.0,55,0 days 00:01:31.628000,2,,,,,0 days 00:32:02.194000,1.0,,,
,23,,2,2.0,,,,0 days 00:32:07.147000,,,,
,23,,1,,,,,0 days 00:32:07.288000,0.0,,,
8.0,23,0 days 00:01:31.503000,2,,,,,0 days 00:32:07.288000,1.0,,,
,12,,1,5.0,,,,0 days 00:32:17.132000,,,,
,10,,2,2.0,,,,0 days 00:32:17.132000,,,,
,10,,1,,,,,0 days 00:32:17.319000,0.0,,,
9.0,10,0 days 00:01:31.992000,2,,,,,0 days 00:32:17.319000,1.0,,,
,30,,2,2.0,,,,0 days 00:32:22.085000,,,,
,30,,1,,,,,0 days 00:32:22.147000,0.0,,,
8.0,30,0 days 00:01:32.174000,2,,,,,0 days 00:32:22.147000,1.0,,,
,31,,2,2.0,,,,0 days 00:32:27.100000,,,,
,7,,2,2.0,,,,0 days 00:32:27.100000,,,,
,31,,1,,,,,0 days 00:32:27.194000,0.0,,,
9.0,31,0 days 00:01:31.876000,2,,,,,0 days 00:32:27.194000,1.0,,,
,7,,1,,,,,0 days 00:32:27.194000,0.0,,,
8.0,7,0 days 00:01:32.092000,2,,,,,0 days 00:32:27.194000,1.0,,,
,18,,2,3.0,,,,0 days 00:32:52.093000,,,,
,27,,2,3.0,,,,0 days 00:32:57.093000,,,,
,87,,2,2.0,,,,0 days 00:33:07.093000,,,,
8.0,87,0 days 00:02:09.823000,2,,,,,0 days 00:33:07.109000,,,,
,44,,1,6.0,,,,0 days 00:33:12.100000,,,,
,14,,2,3.0,,,,0 days 00:33:22.095000,,,,
,5,,2,3.0,,,,0 days 00:33:27.095000,,,,
,16,,1,6.0,,,,0 days 00:33:32.101000,,,,
,22,,2,3.0,,,,0 days 00:33:42.101000,,,,
,63,,1,6.0,,,,0 days 00:33:52.105000,,,,
,6,,2,3.0,,,,0 days 00:33:57.105000,,,,
,4,,1,6.0,,,,0 days 00:34:02.105000,,,,
,55,,2,3.0,,,,0 days 00:34:07.105000,,,,
,23,,2,3.0,,,,0 days 00:34:17.117000,,,,
,12,,1,6.0,,,,0 days 00:34:22.101000,,,,
,10,,2,3.0,,,,0 days 00:34:27.101000,,,,
,30,,2,3.0,,,,0 days 00:34:27.101000,,,,
,31,,2,3.0,,,,0 days 00:34:32.101000,,,,
,7,,2,3.0,,,,0 days 00:34:32.101000,,,,
,31,,3,0.0,SOFT,True,0,0 days 00:39:17.129000,0.0,,0.0,
,63,,2,3.0,SOFT,False,0,0 days 00:39:22.160000,0.0,,3.0,
,12,,2,3.0,SOFT,False,0,0 days 00:39:22.160000,0.0,,3.0,
,55,,3,0.0,SOFT,True,0,0 days 00:39:27.144000,0.0,,0.0,
,6,,3,0.0,SOFT,True,0,0 days 00:39:52.153000,0.0,,0.0,
,18,,3,0.0,SOFT,True,0,0 days 00:39:57.154000,0.0,,0.0,
,22,,3,0.0,SOFT,True,0,0 days 00:40:12.167000,0.0,,0.0,
,14,,3,0.0,SOFT,True,0,0 days 00:40:22.167000,0.0,,0.0,
,81,,2,0.0,SOFT,True,0,0 days 00:40:27.167000,0.0,,0.0,
,4,,2,0.0,UNKNOWN,False,1,0 days 00:40:32.198000,0.0,,0.0,
,4,,2,,SOFT,True,0,0 days 00:40:37.167000,,,,
,44,,2,6.0,SOFT,False,0,0 days 00:40:47.167000,0.0,,6.0,
,16,,2,6.0,SOFT,False,1,0 days 00:40:52.170000,0.0,,6.0,
,23,,3,0.0,SOFT,True,0,0 days 00:41:07.185000,0.0,,0.0,
,1,,1,0.0,SOFT,True,0,0 days 00:41:07.185000,0.0,,0.0,
,31,,3,1.0,,,,0 days 00:41:17.185000,,,,
,27,,3,0.0,UNKNOWN,False,1,0 days 00:41:22.195000,0.0,,0.0,
,12,,2,4.0,,,,0 days 00:41:22.195000,,,,
,63,,2,4.0,,,,0 days 00:41:27.180000,,,,
,27,,3,,SOFT,True,0,0 days 00:41:27.180000,,,,
,55,,3,1.0,,,,0 days 00:41:37.180000,,,,
,6,,3,1.0,,,,0 days 00:41:47.196000,,,,
,18,,3,1.0,,,,0 days 00:41:57.197000,,,,
,22,,3,1.0,,,,0 days 00:42:12.197000,,,,
,81,,2,1.0,,,,0 days 00:42:17.201000,,,,
,14,,3,1.0,,,,0 days 00:42:22.185000,,,,
,4,,2,1.0,,,,0 days 00:42:32.203000,,,,
,44,,2,7.0,,,,0 days 00:42:37.198000,,,,
,31,,3,2.0,,,,0 days 00:42:47.198000,,,,
,4,,1,,,,,0 days 00:42:47.198000,1.0,,,
,31,,2,,,,,0 days 00:42:47.198000,0.0,,,
12.0,31,0 days 00:01:31.795000,3,,,,,0 days 00:42:47.198000,3.0,,,
,16,,2,7.0,,,,0 days 00:42:57.198000,,,,
,12,,2,5.0,,,,0 days 00:42:57.198000,,,,
,12,,1,,,,,0 days 00:42:57.492000,0.0,,,
12.0,12,0 days 00:01:31.590000,2,,,,,0 days 00:42:57.492000,3.0,,,
,31,,3,,,,,0 days 00:42:57.492000,1.0,,,
,63,,2,5.0,,,,0 days 00:43:02.210000,,,,
,23,,3,1.0,,,,0 days 00:43:02.210000,,,,
,63,,1,,,,,0 days 00:43:02.242000,0.0,,,
12.0,63,0 days 00:01:31.307000,2,,,,,0 days 00:43:02.242000,3.0,,,
,12,,2,,,,,0 days 00:43:02.242000,1.0,,,
,55,,3,2.0,,,,0 days 00:43:07.195000,,,,
,55,,2,,,,,0 days 00:43:07.320000,0.0,,,
12.0,55,0 days 00:01:31.966000,3,,,,,0 days 00:43:07.320000,1.0,,,
,1,,1,1.0,,,,0 days 00:43:12.195000,,,,
,27,,3,1.0,,,,0 days 00:43:17.211000,,,,
,6,,3,2.0,,,,0 days 00:43:17.211000,,,,
,6,,2,,,,,0 days 00:43:17.757000,0.0,,,
11.0,6,0 days 00:01:31.832000,3,,,,,0 days 00:43:17.757000,1.0,,,
,18,,3,2.0,,,,0 days 00:43:32.195000,,,,
,18,,2,,,,,0 days 00:43:32.305000,0.0,,,
12.0,18,0 days 00:01:31.773000,3,,,,,0 days 00:43:32.305000,1.0,,,
,22,,3,2.0,,,,0 days 00:43:42.198000,,,,
,22,,2,,,,,0 days 00:43:42.464000,0.0,,,
11.0,22,0 days 00:01:31.425000,3,,,,,0 days 00:43:42.464000,1.0,,,
,81,,2,2.0,,,,0 days 00:43:52.201000,,,,
,81,,0,,,,,0 days 00:43:52.259000,0.0,,,
11.0,81,0 days 00:01:31.200000,2,,,,,0 days 00:43:52.259000,3.0,,,
,63,,2,,,,,0 days 00:43:52.259000,1.0,,,
,14,,3,2.0,,,,0 days 00:43:57.198000,,,,
,14,,2,,,,,0 days 00:43:57.317000,0.0,,,
12.0,14,0 days 00:01:31.870000,3,,,,,0 days 00:43:57.317000,1.0,,,
,4,,2,2.0,,,,0 days 00:44:02.198000,,,,
,4,,1,,,,,0 days 00:44:02.578000,0.0,,,
12.0,4,0 days 00:01:30.787000,2,,,,,0 days 00:44:02.578000,3.0,,,
,81,,2,,,,,0 days 00:44:02.578000,1.0,,,
,44,,2,8.0,,,,0 days 00:44:12.209000,,,,
,44,,0,,,,,0 days 00:44:12.296000,0.0,,,
12.0,44,0 days 00:01:31.617000,2,,,,,0 days 00:44:12.296000,1.0,,,
,16,,2,8.0,,,,0 days 00:44:27.203000,,,,
,16,,1,,,,,0 days 00:44:27.875000,0.0,,,
12.0,16,0 days 00:01:31.639000,2,,,,,0 days 00:44:27.875000,1.0,,,
,23,,3,2.0,,,,0 days 00:44:37.208000,,,,
,23,,2,,,,,0 days 00:44:37.255000,0.0,,,
11.0,23,0 days 00:01:31.621000,3,,,,,0 days 00:44:37.255000,1.0,,,
,1,,1,2.0,,,,0 days 00:44:42.208000,,,,
,1,,0,,,,,0 days 00:44:42.489000,0.0,,,
6.0,1,0 days 00:01:31.234000,1,,,,,0 days 00:44:42.489000,1.0,,,
,27,,3,2.0,,,,0 days 00:44:47.208000,,,,
,27,,2,,,,,0 days 00:44:47.364000,0.0,,,
12.0,27,0 days 00:01:31.726000,3,,,,,0 days 00:44:47.364000,1.0,,,
,31,,3,3.0,,,,0 days 00:44:52.204000,,,,
,12,,2,6.0,,,,0 days 00:44:57.207000,,,,
,63,,2,6.0,,,,0 days 00:45:02.211000,,,,
,55,,3,3.0,,,,0 days 00:45:07.201000,,,,
,6,,3,3.0,,,,0 days 00:45:17.217000,,,,
,18,,3,3.0,,,,0 days 00:45:32.202000,,,,
,22,,3,3.0,,,,0 days 00:45:42.201000,,,,
,81,,2,3.0,,,,0 days 00:45:47.216000,,,,
,14,,3,3.0,,,,0 days 00:45:52.209000,,,,
,44,,2,9.0,,,,0 days 00:46:02.202000,,,,
,4,,2,3.0,,,,0 days 00:46:07.202000,,,,
,16,,2,9.0,,,,0 days 00:46:17.218000,,,,
,23,,3,3.0,,,,0 days 00:46:27.203000,,,,
,27,,3,3.0,,,,0 days 00:46:32.217000,,,,
,1,,1,3.0,,,,0 days 00:46:32.217000,,,,
,12,,3,0.0,SOFT,True,0,0 days 00:47:52.227000,0.0,,0.0,
,63,,3,0.0,SOFT,True,0,0 days 00:48:02.227000,0.0,,0.0,
,1,,2,0.0,UNKNOWN,False,1,0 days 00:48:12.235000,0.0,,0.0,
,27,,4,0.0,UNKNOWN,False,1,0 days 00:48:17.235000,0.0,,0.0,
,1,,2,,SOFT,True,0,0 days 00:48:17.235000,,,,
,81,,3,3.0,SOFT,False,1,0 days 00:48:22.235000,0.0,,3.0,
,27,,4,,SOFT,True,0,0 days 00:48:22.235000,,,,
,44,,3,0.0,UNKNOWN,False,1,0 days 00:48:32.250000,0.0,,0.0,
,44,,3,,SOFT,True,0,0 days 00:48:37.250000,,,,
,16,,3,0.0,SOFT,True,0,0 days 00:48:47.251000,0.0,,0.0,
,31,,4,0.0,SOFT,True,0,0 days 00:48:52.257000,0.0,,0.0,
,6,,4,0.0,SOFT,True,0,0 days 00:49:12.263000,0.0,,0.0,
,22,,4,0.0,SOFT,True,0,0 days 00:49:22.260000,0.0,,0.0,
,18,,4,0.0,SOFT,True,0,0 days 00:49:32.260000,0.0,,0.0,
,12,,3,1.0,,,,0 days 00:49:37.265000,,,,
,14,,4,0.0,UNKNOWN,False,1,0 days 00:49:42.265000,0.0,,0.0,
,63,,3,1.0,,,,0 days 00:49:47.281000,,,,
,23,,4,0.0,SOFT,True,0,0 days 00:49:47.281000,0.0,,0.0,
,14,,4,,SOFT,True,0,0 days 00:49:47.281000,,,,
,55,,4,0.0,SOFT,True,0,0 days 00:49:52.282000,0.0,,0.0,
,1,,2,1.0,,,,0 days 00:50:12.268000,,,,
,27,,4,1.0,,,,0 days 00:50:17.284000,,,,
,81,,3,4.0,,,,0 days 00:50:22.283000,,,,
,44,,3,1.0,,,,0 days 00:50:37.276000,,,,
,16,,3,1.0,,,,0 days 00:50:52.277000,,,,
,31,,4,1.0,,,,0 days 00:51:02.292000,,,,
,6,,4,1.0,,,,0 days 00:51:12.285000,,,,
,63,,3,2.0,,,,0 days 00:51:22.285000,,,,
,22,,4,1.0,,,,0 days 00:51:22.285000,,,,
15.0,63,0 days 00:01:31.334000,3,,,,,0 days 00:51:22.473000,,,,
,18,,4,1.0,,,,0 days 00:51:32.285000,,,,
,12,,3,2.0,,,,0 days 00:51:37.285000,,,,
15.0,12,0 days 00:02:01.840000,3,,,,,0 days 00:51:37.379000,,,,
,1,,2,2.0,,,,0 days 00:51:42.285000,,,,
,1,,1,,,,,0 days 00:51:42.488000,0.0,,,
9.0,1,0 days 00:01:31.142000,2,,,,,0 days 00:51:42.488000,1.0,,,
,27,,4,2.0,,,,0 days 00:51:47.285000,,,,
,23,,4,1.0,,,,0 days 00:51:47.285000,,,,
,27,,3,,,,,0 days 00:51:47.332000,0.0,,,
15.0,27,0 days 00:01:31.632000,4,,,,,0 days 00:51:47.332000,1.0,,,
,14,,4,1.0,,,,0 days 00:51:52.289000,,,,
,81,,3,5.0,,,,0 days 00:51:57.289000,,,,
,55,,4,1.0,,,,0 days 00:51:57.289000,,,,
14.0,81,0 days 00:01:31.245000,3,,,,,0 days 00:51:57.508000,,,,
,44,,3,2.0,,,,0 days 00:52:07.289000,,,,
,44,,2,,,,,0 days 00:52:07.414000,0.0,,,
15.0,44,0 days 00:01:31.501000,3,,,,,0 days 00:52:07.414000,1.0,,,
,16,,3,2.0,,,,0 days 00:52:22.290000,,,,
,16,,2,,,,,0 days 00:52:22.524000,0.0,,,
15.0,16,0 days 00:01:31.450000,3,,,,,0 days 00:52:22.524000,1.0,,,
,31,,4,2.0,,,,0 days 00:52:32.296000,,,,
,31,,3,,,,,0 days 00:52:32.327000,0.0,,,
15.0,31,0 days 00:01:31.625000,4,,,,,0 days 00:52:32.327000,1.0,,,
,6,,4,2.0,,,,0 days 00:52:42.291000,,,,
,6,,3,,,,,0 days 00:52:42.338000,0.0,,,
14.0,6,0 days 00:01:31.253000,4,,,,,0 days 00:52:42.338000,1.0,,,
,22,,4,2.0,,,,0 days 00:52:57.291000,,,,
,22,,3,,,,,0 days 00:52:57.291000,0.0,,,
14.0,22,0 days 00:01:31.260000,4,,,,,0 days 00:52:57.291000,1.0,,,
,18,,4,2.0,,,,0 days 00:53:07.295000,,,,
15.0,18,0 days 00:01:31.851000,4,,,,,0 days 00:53:07.295000,,,,
16.0,12,0 days 00:01:31.595000,3,,,,,0 days 00:53:08.466000,,,,
,12,,3,3.0,,,,0 days 00:53:12.295000,,,,
,23,,4,2.0,,,,0 days 00:53:17.295000,,,,
,23,,3,,,,,0 days 00:53:17.779000,0.0,,,
14.0,23,0 days 00:01:31.595000,4,,,,,0 days 00:53:17.779000,1.0,,,
,14,,4,2.0,,,,0 days 00:53:22.295000,,,,
,14,,3,,,,,0 days 00:53:22.592000,0.0,,,
15.0,14,0 days 00:01:31.688000,4,,,,,0 days 00:53:22.592000,1.0,,,
,63,,3,3.0,,,,0 days 00:53:27.295000,,,,
,55,,4,2.0,,,,0 days 00:53:27.295000,,,,
,55,,3,,,,,0 days 00:53:27.795000,0.0,,,
15.0,55,0 days 00:01:31.840000,4,,,,,0 days 00:53:27.795000,1.0,,,
,1,,2,3.0,,,,0 days 00:53:37.293000,,,,
,27,,4,3.0,,,,0 days 00:53:42.293000,,,,
,81,,3,6.0,,,,0 days 00:53:52.294000,,,,
,44,,3,3.0,,,,0 days 00:54:17.303000,,,,
,16,,3,3.0,,,,0 days 00:54:22.290000,,,,
,31,,4,3.0,,,,0 days 00:54:42.310000,,,,
,6,,4,3.0,,,,0 days 00:54:47.310000,,,,
,22,,4,3.0,,,,0 days 00:54:57.305000,,,,
,18,,4,3.0,,,,0 days 00:55:12.300000,,,,
,23,,4,3.0,,,,0 days 00:55:17.300000,,,,
,12,,3,4.0,,,,0 days 00:55:17.300000,,,,
,14,,4,3.0,,,,0 days 00:55:27.300000,,,,
,55,,4,3.0,,,,0 days 00:55:32.300000,,,,
,63,,4,0.0,SOFT,True,0,0 days 01:01:02.345000,0.0,,0.0,
,12,,4,0.0,UNKNOWN,False,1,0 days 01:01:02.345000,0.0,,0.0,
,1,,3,0.0,SOFT,True,0,0 days 01:01:02.345000,0.0,,0.0,
,12,,4,,SOFT,True,0,0 days 01:01:07.345000,,,,
,6,,5,3.0,SOFT,False,0,0 days 01:01:17.345000,0.0,,3.0,
,22,,5,3.0,SOFT,False,0,0 days 01:01:27.361000,0.0,,3.0,
,23,,5,3.0,SOFT,False,1,0 days 01:01:32.361000,0.0,,3.0,
,81,,4,0.0,SOFT,True,0,0 days 01:01:42.361000,0.0,,0.0,
,44,,4,0.0,UNKNOWN,False,1,0 days 01:01:52.367000,0.0,,0.0,
,44,,4,,SOFT,True,0,0 days 01:01:57.356000,,,,
,16,,4,0.0,SOFT,True,0,0 days 01:02:02.360000,0.0,,0.0,
,4,,3,0.0,SOFT,True,0,0 days 01:02:17.382000,0.0,,0.0,
,63,,4,1.0,,,,0 days 01:02:42.377000,,,,
,1,,3,1.0,,,,0 days 01:02:57.379000,,,,
,12,,4,1.0,,,,0 days 01:03:02.378000,,,,
,6,,5,4.0,,,,0 days 01:03:12.381000,,,,
,22,,5,4.0,,,,0 days 01:03:22.380000,,,,
,23,,5,4.0,,,,0 days 01:03:27.380000,,,,
,81,,4,1.0,,,,0 days 01:03:37.391000,,,,
,44,,4,1.0,,,,0 days 01:03:52.392000,,,,
,16,,4,1.0,,,,0 days 01:04:02.398000,,,,
,4,,3,1.0,,,,0 days 01:04:07.398000,,,,
,1,,3,2.0,,,,0 days 01:04:27.389000,,,,
,4,,2,,,,,0 days 01:04:28.420000,1.0,,,
,1,,2,,,,,0 days 01:04:28.420000,0.0,,,
12.0,1,0 days 00:01:30.925000,3,,,,,0 days 01:04:28.420000,3.0,,,
,12,,4,2.0,,,,0 days 01:04:32.389000,,,,
,12,,2,,,,,0 days 01:04:32.545000,0.0,,,
19.0,12,0 days 00:01:31.685000,4,,,,,0 days 01:04:32.545000,1.0,,,
,6,,5,5.0,,,,0 days 01:04:42.389000,,,,
,6,,4,,,,,0 days 01:04:42.958000,0.0,,,
17.0,6,0 days 00:01:31.448000,5,,,,,0 days 01:04:42.958000,1.0,,,
,63,,4,2.0,,,,0 days 01:04:47.399000,,,,
,63,,2,,,,,0 days 01:04:47.571000,0.0,,,
18.0,63,0 days 00:02:03.421000,4,,,,,0 days 01:04:47.571000,1.0,,,
,22,,5,5.0,,,,0 days 01:04:52.399000,,,,
,22,,4,,,,,0 days 01:04:52.805000,0.0,,,
17.0,22,0 days 00:01:31.638000,5,,,,,0 days 01:04:52.805000,1.0,,,
,23,,5,5.0,,,,0 days 01:04:57.404000,,,,
,23,,4,,,,,0 days 01:04:57.627000,0.0,,,
17.0,23,0 days 00:01:31.706000,5,,,,,0 days 01:04:57.627000,1.0,,,
,81,,4,2.0,,,,0 days 01:05:07.393000,,,,
,81,,2,,,,,0 days 01:05:07.502000,0.0,,,
17.0,81,0 days 00:01:30.703000,4,,,,,0 days 01:05:07.502000,3.0,,,
,1,,3,,,,,0 days 01:05:07.502000,1.0,,,
,44,,4,2.0,,,,0 days 01:05:22.395000,,,,
,44,,3,,,,,0 days 01:05:22.520000,0.0,,,
18.0,44,0 days 00:01:30.927000,4,,,,,0 days 01:05:22.520000,1.0,,,
,16,,4,2.0,,,,0 days 01:05:32.395000,,,,
,16,,3,,,,,0 days 01:05:32.536000,0.0,,,
18.0,16,0 days 00:01:31.040000,4,,,,,0 days 01:05:32.536000,1.0,,,
,4,,3,2.0,,,,0 days 01:05:37.396000,,,,
,4,,2,,,,,0 days 01:05:37.802000,0.0,,,
15.0,4,0 days 00:01:30.793000,3,,,,,0 days 01:05:37.802000,1.0,,,
,1,,3,3.0,,,,0 days 01:06:12.393000,,,,
19.0,63,0 days 00:01:30.984000,4,,,,,0 days 01:06:14.143000,,,,
,63,,4,3.0,,,,0 days 01:06:17.393000,,,,
,12,,4,3.0,,,,0 days 01:06:27.393000,,,,
,6,,5,6.0,,,,0 days 01:06:37.408000,,,,
,22,,5,6.0,,,,0 days 01:06:42.409000,,,,
,23,,5,6.0,,,,0 days 01:06:57.410000,,,,
,81,,4,3.0,,,,0 days 01:07:02.410000,,,,
,44,,4,3.0,,,,0 days 01:07:22.399000,,,,
,4,,3,3.0,,,,0 days 01:07:27.399000,,,,
,16,,4,3.0,,,,0 days 01:07:27.399000,,,,
,63,,4,4.0,,,,0 days 01:08:02.406000,,,,
,23,,6,3.0,SOFT,False,0,0 days 01:08:57.405000,0.0,,3.0,
,12,,5,0.0,SOFT,True,0,0 days 01:08:57.405000,0.0,,0.0,
,6,,6,0.0,SOFT,True,0,0 days 01:09:12.416000,0.0,,0.0,
,1,,4,0.0,SOFT,True,0,0 days 01:09:22.432000,0.0,,0.0,
,4,,4,0.0,SOFT,True,0,0 days 01:09:32.416000,0.0,,0.0,
,44,,5,0.0,SOFT,True,0,0 days 01:09:37.432000,0.0,,0.0,
,81,,5,0.0,SOFT,True,0,0 days 01:09:47.429000,0.0,,0.0,
,22,,6,0.0,SOFT,True,0,0 days 01:09:57.444000,0.0,,0.0,
,16,,5,0.0,SOFT,True,0,0 days 01:10:02.444000,0.0,,0.0,
,63,,5,0.0,SOFT,True,0,0 days 01:10:32.443000,0.0,,0.0,
,23,,6,4.0,,,,0 days 01:10:42.443000,,,,
,12,,5,1.0,,,,0 days 01:10:52.448000,,,,
,1,,4,1.0,,,,0 days 01:11:02.445000,,,,
,6,,6,1.0,,,,0 days 01:11:12.460000,,,,
,4,,4,1.0,,,,0 days 01:11:22.448000,,,,
,44,,5,1.0,,,,0 days 01:11:27.448000,,,,
,81,,5,1.0,,,,0 days 01:11:37.448000,,,,
,22,,6,1.0,,,,0 days 01:11:57.464000,,,,
,16,,5,1.0,,,,0 days 01:12:07.464000,,,,
,23,,6,5.0,,,,0 days 01:12:12.448000,,,,
20.0,23,0 days 00:01:31.921000,6,,,,,0 days 01:12:12.855000,,,,
,63,,5,1.0,,,,0 days 01:12:17.464000,,,,
,12,,5,2.0,,,,0 days 01:12:22.464000,,,,
,12,,4,,,,,0 days 01:12:22.730000,0.0,,,
22.0,12,0 days 00:01:31.103000,5,,,,,0 days 01:12:22.730000,1.0,,,
,1,,4,2.0,,,,0 days 01:12:32.453000,,,,
,1,,3,,,,,0 days 01:12:32.453000,0.0,,,
15.0,1,0 days 00:01:30.817000,4,,,,,0 days 01:12:32.453000,1.0,,,
,6,,6,2.0,,,,0 days 01:12:42.453000,,,,
,6,,5,,,,,0 days 01:12:43.266000,0.0,,,
20.0,6,0 days 00:01:31.079000,6,,,,,0 days 01:12:43.266000,1.0,,,
,44,,5,2.0,,,,0 days 01:12:57.463000,,,,
21.0,44,0 days 00:01:31.141000,5,,,,,0 days 01:12:57.573000,,,,
,4,,4,2.0,,,,0 days 01:13:02.463000,,,,
17.0,4,0 days 00:01:40.363000,4,,,,,0 days 01:13:02.635000,,,,
,81,,5,2.0,,,,0 days 01:13:07.463000,,,,
,81,,4,,,,,0 days 01:13:07.526000,0.0,,,
20.0,81,0 days 00:01:30.641000,5,,,,,0 days 01:13:07.526000,3.0,,,
,16,,5,2.0,,,,0 days 01:13:37.463000,,,,
,16,,4,,,,,0 days 01:13:37.525000,0.0,,,
21.0,16,0 days 00:01:31.021000,5,,,,,0 days 01:13:37.525000,1.0,,,
,63,,5,2.0,,,,0 days 01:13:47.463000,,,,
,22,,6,2.0,,,,0 days 01:13:47.463000,,,,
,63,,4,,,,,0 days 01:13:47.869000,0.0,,,
22.0,63,0 days 00:01:30.723000,5,,,,,0 days 01:13:47.869000,1.0,,,
19.0,22,0 days 00:01:51.483000,6,,,,,0 days 01:13:47.869000,,,,
,23,,6,6.0,,,,0 days 01:14:12.474000,,,,
,12,,5,3.0,,,,0 days 01:14:27.478000,,,,
,1,,4,3.0,,,,0 days 01:14:42.462000,,,,
,81,,5,3.0,,,,0 days 01:15:17.475000,,,,
,63,,5,3.0,,,,0 days 01:16:02.475000,,,,
