Time,Driver,LapTime,NumberOfLaps,NumberOfPitStops,PitOutTime,PitInTime,Sector1Time,Sector2Time,Sector3Time,Sector1SessionTime,Sector2SessionTime,Sector3SessionTime,SpeedI1,SpeedI2,SpeedFL,SpeedST,IsPersonalBest
0 days 00:17:36.045000,81,0 days 00:01:46.474000,1,0,0 days 00:15:51.842000,,0 days 00:00:42.719000,0 days 00:00:19.397000,0 days 00:00:44.358000,0 days 00:16:32.429000,0 days 00:16:51.687000,0 days 00:17:36.075000,259.0,309.0,306.0,152.0,False
0 days 00:18:52.202000,81,0 days 00:01:16.157000,2,0,,,0 days 00:00:26.452000,0 days 00:00:17.204000,0 days 00:00:32.501000,0 days 00:18:02.497000,0 days 00:18:19.701000,0 days 00:18:52.202000,290.0,322.0,306.0,321.0,True
0 days 00:20:49.466000,81,0 days 00:01:57.264000,3,1,,0 days 00:20:38.692000,0 days 00:00:42.024000,0 days 00:00:22.928000,0 days 00:00:52.312000,0 days 00:19:34.226000,0 days 00:19:57.154000,0 days 00:20:49.466000,209.0,241.0,,148.0,False
0 days 00:22:39.997000,81,0 days 00:01:50.531000,4,1,0 days 00:20:51.552000,,0 days 00:00:46.689000,0 days 00:00:23.264000,0 days 00:00:40.578000,0 days 00:21:36.155000,0 days 00:21:59.419000,0 days 00:22:39.997000,144.0,248.0,310.0,139.0,False
0 days 00:23:56.059000,81,0 days 00:01:16.062000,5,1,,,0 days 00:00:26.270000,0 days 00:00:17.114000,0 days 00:00:32.678000,0 days 00:23:06.267000,0 days 00:23:23.381000,0 days 00:23:56.059000,289.0,325.0,307.0,325.0,True
0 days 00:28:33.991000,81,,6,2,,0 days 00:25:32.946000,0 days 00:00:31.465000,0 days 00:00:22.346000,,0 days 00:24:27.550000,0 days 00:24:49.941000,,226.0,218.0,,273.0,False
0 days 00:38:42.466000,81,,7,3,0 days 00:28:33.991000,0 days 00:30:22.369000,0 days 00:00:59.480000,0 days 00:00:20.307000,,0 days 00:29:15.985000,0 days 00:29:36.361000,,188.0,315.0,,158.0,False
0 days 00:40:43.357000,81,0 days 00:02:00.891000,8,3,0 days 00:38:51.040000,,0 days 00:00:57.339000,0 days 00:00:21.394000,0 days 00:00:42.158000,0 days 00:39:39.805000,0 days 00:40:01.199000,0 days 00:40:43.357000,259.0,111.0,308.0,145.0,False
0 days 00:41:58.825000,81,0 days 00:01:15.468000,9,3,,,0 days 00:00:26.171000,0 days 00:00:17.111000,0 days 00:00:32.186000,0 days 00:41:09.528000,0 days 00:41:26.639000,0 days 00:41:58.825000,290.0,324.0,305.0,323.0,True
0 days 00:50:37.442000,81,,10,4,,0 days 00:43:33.448000,0 days 00:00:33.177000,0 days 00:00:21.838000,,0 days 00:42:32.003000,0 days 00:42:54.383000,,247.0,246.0,,274.0,False
0 days 00:52:29.280000,81,0 days 00:01:51.838000,11,4,0 days 00:50:41.559000,,0 days 00:00:47.061000,0 days 00:00:19.278000,0 days 00:00:45.499000,0 days 00:51:24.503000,0 days 00:51:43.781000,0 days 00:52:29.280000,264.0,182.0,312.0,79.0,False
0 days 01:00:33.955000,81,,12,5,,0 days 00:54:03.613000,0 days 00:00:33.721000,0 days 00:00:21.068000,,0 days 00:53:03.063000,0 days 00:53:24.016000,,209.0,271.0,,329.0,False
0 days 01:02:18.268000,81,0 days 00:01:44.313000,13,5,0 days 01:00:36.971000,,0 days 00:00:41.561000,0 days 00:00:19.113000,0 days 00:00:43.639000,0 days 01:01:15.516000,0 days 01:01:34.629000,0 days 01:02:18.268000,261.0,307.0,309.0,125.0,False
0 days 01:03:34.415000,81,0 days 00:01:16.147000,14,5,,,0 days 00:00:26.190000,0 days 00:00:17.066000,0 days 00:00:32.891000,0 days 01:02:44.458000,0 days 01:03:01.524000,0 days 01:03:34.415000,288.0,326.0,309.0,323.0,True
0 days 01:08:33.573000,81,,15,6,,0 days 01:05:05.705000,0 days 00:00:35.373000,0 days 00:00:19.868000,,0 days 01:04:09.828000,0 days 01:04:29.758000,,249.0,275.0,,314.0,False
0 days 01:10:18.329000,81,0 days 00:01:44.756000,16,6,0 days 01:08:37.391000,,0 days 00:00:43.398000,0 days 00:00:19.466000,0 days 00:00:41.892000,0 days 01:09:16.971000,0 days 01:09:36.437000,0 days 01:10:18.329000,253.0,307.0,309.0,97.0,False
0 days 01:11:33.509000,81,0 days 00:01:15.180000,17,6,,,0 days 00:00:26.082000,0 days 00:00:16.952000,0 days 00:00:32.146000,0 days 01:10:44.411000,0 days 01:11:01.363000,0 days 01:11:33.509000,289.0,325.0,309.0,323.0,True
0 days 01:13:19.928000,81,,18,6,,0 days 01:13:19.928000,0 days 00:00:36.728000,0 days 00:00:26.135000,,0 days 01:12:10.353000,0 days 01:12:36.501000,,230.0,150.0,,172.0,False
0 days 00:14:31.889000,63,,1,0,0 days 00:12:48.719000,,,0 days 00:00:19.626000,0 days 00:00:39.659000,,0 days 00:13:52.292000,0 days 00:14:31.889000,265.0,307.0,306.0,104.0,False
0 days 00:15:49.099000,63,0 days 00:01:17.210000,2,0,,,0 days 00:00:26.777000,0 days 00:00:17.431000,0 days 00:00:33.002000,0 days 00:14:58.666000,0 days 00:15:16.097000,0 days 00:15:49.099000,289.0,323.0,310.0,322.0,True
0 days 00:18:40.738000,63,,3,1,,0 days 00:17:29.191000,0 days 00:00:35.312000,0 days 00:00:21.941000,,0 days 00:16:24.404000,0 days 00:16:46.420000,,241.0,289.0,,232.0,False
0 days 00:20:40.835000,63,0 days 00:02:00.097000,4,1,0 days 00:18:45.111000,,0 days 00:00:51.163000,0 days 00:00:21.857000,0 days 00:00:47.077000,0 days 00:19:31.901000,0 days 00:19:53.758000,0 days 00:20:40.835000,240.0,258.0,310.0,102.0,False
0 days 00:21:57.130000,63,0 days 00:01:16.295000,5,1,,,0 days 00:00:26.416000,0 days 00:00:17.163000,0 days 00:00:32.716000,0 days 00:21:07.251000,0 days 00:21:24.414000,0 days 00:21:57.130000,290.0,326.0,312.0,326.0,True
0 days 00:25:57.755000,63,,6,2,,0 days 00:23:22.804000,0 days 00:00:30.091000,0 days 00:00:19.251000,,0 days 00:22:27.195000,0 days 00:22:46.450000,,264.0,303.0,,291.0,False
0 days 00:27:50.813000,63,0 days 00:01:53.058000,7,2,0 days 00:26:02.403000,,0 days 00:00:46.247000,0 days 00:00:21.151000,0 days 00:00:45.660000,0 days 00:26:44.002000,0 days 00:27:05.153000,0 days 00:27:50.813000,257.0,258.0,310.0,107.0,False
0 days 00:29:06.784000,63,0 days 00:01:15.971000,8,2,,,0 days 00:00:26.366000,0 days 00:00:17.086000,0 days 00:00:32.519000,0 days 00:28:17.179000,0 days 00:28:34.265000,0 days 00:29:06.784000,291.0,328.0,310.0,326.0,True
0 days 00:38:22.074000,63,,9,3,,0 days 00:30:54.216000,0 days 00:00:38.623000,0 days 00:00:26.643000,,0 days 00:29:45.558000,0 days 00:30:12.167000,,126.0,262.0,,227.0,False
0 days 00:40:13.260000,63,0 days 00:01:51.186000,10,3,0 days 00:38:24.907000,,0 days 00:00:47.112000,0 days 00:00:22.713000,0 days 00:00:41.361000,0 days 00:39:09.186000,0 days 00:39:31.899000,0 days 00:40:13.260000,249.0,258.0,305.0,96.0,False
0 days 00:41:29.058000,63,0 days 00:01:15.798000,11,3,,,0 days 00:00:26.373000,0 days 00:00:17.128000,0 days 00:00:32.297000,0 days 00:40:39.633000,0 days 00:40:56.761000,0 days 00:41:29.058000,290.0,324.0,309.0,321.0,True
0 days 00:48:36.703000,63,,12,4,,0 days 00:42:58.848000,0 days 00:00:33.010000,0 days 00:00:19.701000,,0 days 00:42:02.400000,0 days 00:42:21.824000,,244.0,298.0,,252.0,False
0 days 00:50:55.079000,63,0 days 00:02:18.376000,13,4,0 days 00:48:44.877000,,0 days 00:01:05.021000,0 days 00:00:21.689000,0 days 00:00:51.666000,0 days 00:49:41.724000,0 days 00:50:03.413000,0 days 00:50:55.079000,258.0,258.0,310.0,123.0,False
0 days 00:52:17.258000,63,0 days 00:01:22.179000,14,4,,,0 days 00:00:26.183000,0 days 00:00:17.028000,0 days 00:00:38.968000,0 days 00:51:21.262000,0 days 00:51:38.290000,0 days 00:52:17.258000,290.0,335.0,273.0,328.0,False
0 days 01:00:47.401000,63,,15,5,,0 days 00:53:55.598000,0 days 00:00:38.250000,0 days 00:00:20.215000,,0 days 00:52:55.537000,0 days 00:53:15.802000,,233.0,305.0,,281.0,False
0 days 01:02:47.729000,63,0 days 00:02:00.328000,16,5,0 days 01:00:56.417000,,0 days 00:00:55.153000,0 days 00:00:20.940000,0 days 00:00:44.235000,0 days 01:01:42.554000,0 days 01:02:03.494000,0 days 01:02:47.729000,259.0,302.0,311.0,98.0,False
0 days 01:04:03.424000,63,0 days 00:01:15.695000,17,5,,,0 days 00:00:26.104000,0 days 00:00:17.030000,0 days 00:00:32.561000,0 days 01:03:13.833000,0 days 01:03:30.863000,0 days 01:04:03.424000,289.0,326.0,309.0,328.0,True
0 days 01:08:41.270000,63,,18,6,,0 days 01:05:36.954000,0 days 00:00:35.357000,0 days 00:00:19.936000,,0 days 01:04:38.833000,0 days 01:04:58.697000,,252.0,300.0,,251.0,False
0 days 01:10:41.176000,63,0 days 00:01:59.906000,19,6,0 days 01:08:48.754000,,0 days 00:00:55.203000,0 days 00:00:22.409000,0 days 00:00:42.294000,0 days 01:09:36.473000,0 days 01:09:58.882000,0 days 01:10:41.176000,227.0,257.0,311.0,116.0,False
0 days 01:11:56.722000,63,0 days 00:01:15.546000,20,6,,,0 days 00:00:26.163000,0 days 00:00:16.951000,0 days 00:00:32.432000,0 days 01:11:07.339000,0 days 01:11:24.290000,0 days 01:11:56.722000,289.0,327.0,312.0,327.0,True
0 days 00:18:23.406000,1,0 days 00:01:38.807000,1,0,0 days 00:16:46.726000,,0 days 00:00:40.011000,0 days 00:00:21.330000,0 days 00:00:37.466000,0 days 00:17:24.726000,0 days 00:17:45.983000,0 days 00:18:23.458000,269.0,267.0,311.0,182.0,False
0 days 00:19:39.424000,1,0 days 00:01:16.018000,2,0,,,0 days 00:00:26.366000,0 days 00:00:17.171000,0 days 00:00:32.481000,0 days 00:18:49.772000,0 days 00:19:06.943000,0 days 00:19:39.424000,291.0,327.0,303.0,328.0,True
0 days 00:25:48.163000,1,,3,1,,0 days 00:21:21.207000,0 days 00:00:37.899000,0 days 00:00:23.269000,,0 days 00:20:17.499000,0 days 00:20:40.743000,,171.0,264.0,,251.0,False
0 days 00:27:33.496000,1,0 days 00:01:45.333000,4,1,0 days 00:25:50.261000,,0 days 00:00:43.250000,0 days 00:00:22.744000,0 days 00:00:39.339000,0 days 00:26:31.413000,0 days 00:26:54.157000,0 days 00:27:33.496000,192.0,259.0,310.0,167.0,False
0 days 00:37:28.379000,1,,5,2,,0 days 00:29:04.789000,0 days 00:00:26.464000,0 days 00:00:17.743000,,0 days 00:28:00.113000,0 days 00:28:17.898000,,290.0,298.0,,326.0,False
0 days 00:39:08.901000,1,0 days 00:01:40.522000,6,2,0 days 00:37:32.887000,,0 days 00:00:42.104000,0 days 00:00:21.060000,0 days 00:00:37.358000,0 days 00:38:10.483000,0 days 00:38:31.543000,0 days 00:39:08.901000,254.0,283.0,309.0,165.0,False
0 days 00:40:24.589000,1,0 days 00:01:15.688000,7,2,,,0 days 00:00:26.229000,0 days 00:00:17.038000,0 days 00:00:32.421000,0 days 00:39:35.130000,0 days 00:39:52.168000,0 days 00:40:24.589000,290.0,329.0,309.0,325.0,True
0 days 00:49:46.351000,1,,8,3,,0 days 00:42:05.996000,0 days 00:00:36.554000,0 days 00:00:24.574000,,0 days 00:41:01.165000,0 days 00:41:25.844000,,194.0,189.0,,258.0,False
0 days 00:52:02.051000,1,0 days 00:02:15.700000,9,3,0 days 00:50:00.504000,,0 days 00:01:07.468000,0 days 00:00:25.723000,0 days 00:00:42.509000,0 days 00:50:53.819000,0 days 00:51:19.542000,0 days 00:52:02.051000,250.0,190.0,312.0,118.0,False
0 days 00:53:17.616000,1,0 days 00:01:15.565000,10,3,,,0 days 00:00:26.090000,0 days 00:00:17.003000,0 days 00:00:32.472000,0 days 00:52:28.141000,0 days 00:52:45.144000,0 days 00:53:17.616000,289.0,328.0,308.0,330.0,True
0 days 01:01:08.141000,1,,11,4,,0 days 00:54:46.998000,0 days 00:00:32.029000,0 days 00:00:19.846000,,0 days 00:53:49.718000,0 days 00:54:09.508000,,240.0,268.0,,232.0,False
0 days 01:03:08.035000,1,0 days 00:01:59.894000,12,4,0 days 01:01:22.882000,,0 days 00:00:59.895000,0 days 00:00:21.955000,0 days 00:00:38.044000,0 days 01:02:08.036000,0 days 01:02:29.991000,0 days 01:03:08.035000,231.0,270.0,314.0,141.0,False
0 days 01:04:23.706000,1,0 days 00:01:15.671000,13,4,,,0 days 00:00:26.055000,0 days 00:00:16.935000,0 days 00:00:32.681000,0 days 01:03:34.090000,0 days 01:03:51.025000,0 days 01:04:23.706000,290.0,328.0,308.0,331.0,True
0 days 01:08:43.909000,1,,14,5,,0 days 01:05:54.948000,0 days 00:00:33.747000,0 days 00:00:20.142000,,0 days 01:04:57.587000,0 days 01:05:17.693000,,227.0,267.0,,241.0,False
0 days 01:10:50.176000,1,0 days 00:02:06.267000,15,5,0 days 01:09:06.128000,,0 days 00:01:03.432000,0 days 00:00:23.138000,0 days 00:00:39.697000,0 days 01:09:47.341000,0 days 01:10:10.479000,0 days 01:10:50.176000,236.0,236.0,314.0,143.0,False
0 days 01:12:05.657000,1,0 days 00:01:15.481000,16,5,,,0 days 00:00:26.066000,0 days 00:00:16.915000,0 days 00:00:32.500000,0 days 01:11:16.242000,0 days 01:11:33.157000,0 days 01:12:05.657000,290.0,330.0,310.0,331.0,True
0 days 01:13:49.617000,1,,17,5,,0 days 01:13:49.617000,0 days 00:00:35.689000,0 days 00:00:22.314000,,0 days 01:12:41.386000,0 days 01:13:03.693000,,215.0,243.0,,242.0,False
0 days 00:16:30.587000,16,0 days 00:02:02.589000,1,0,0 days 00:14:32.536000,,0 days 00:00:58.882000,0 days 00:00:23.741000,0 days 00:00:39.966000,0 days 00:15:26.916000,0 days 00:15:50.720000,0 days 00:16:30.587000,258.0,291.0,307.0,49.0,False
0 days 00:17:47.040000,16,0 days 00:01:16.453000,2,0,,,0 days 00:00:26.558000,0 days 00:00:17.265000,0 days 00:00:32.630000,0 days 00:16:57.145000,0 days 00:17:14.410000,0 days 00:17:47.040000,290.0,323.0,307.0,324.0,True
0 days 00:19:49.225000,16,0 days 00:02:02.185000,3,1,,0 days 00:19:30.837000,0 days 00:00:38.091000,0 days 00:00:21.577000,0 days 00:01:02.517000,0 days 00:18:25.131000,0 days 00:18:46.708000,0 days 00:19:49.225000,236.0,214.0,,226.0,False
0 days 00:21:35.884000,16,0 days 00:01:46.659000,4,1,0 days 00:19:51.250000,,0 days 00:00:43.035000,0 days 00:00:22.565000,0 days 00:00:41.059000,0 days 00:20:32.260000,0 days 00:20:54.825000,0 days 00:21:35.884000,252.0,264.0,308.0,171.0,False
0 days 00:22:51.913000,16,0 days 00:01:16.029000,5,1,,,0 days 00:00:26.411000,0 days 00:00:17.144000,0 days 00:00:32.474000,0 days 00:22:02.295000,0 days 00:22:19.439000,0 days 00:22:51.913000,290.0,322.0,308.0,325.0,True
0 days 00:28:31.171000,16,,6,2,,0 days 00:24:31.496000,0 days 00:00:33.482000,0 days 00:00:20.006000,,0 days 00:23:25.472000,0 days 00:23:45.353000,,258.0,251.0,,260.0,False
0 days 00:37:31.799000,16,,7,3,0 days 00:28:31.171000,0 days 00:30:13.516000,0 days 00:01:13.514000,0 days 00:00:21.565000,,0 days 00:29:12.911000,0 days 00:29:34.364000,,263.0,289.0,,114.0,False
0 days 00:39:19.631000,16,0 days 00:01:47.832000,8,3,0 days 00:37:37.813000,,0 days 00:00:51.924000,0 days 00:00:19.020000,0 days 00:00:36.888000,0 days 00:38:23.723000,0 days 00:38:42.743000,0 days 00:39:19.631000,256.0,301.0,306.0,55.0,False
0 days 00:40:35.469000,16,0 days 00:01:15.838000,9,3,,,0 days 00:00:26.324000,0 days 00:00:17.048000,0 days 00:00:32.466000,0 days 00:39:45.955000,0 days 00:40:03.003000,0 days 00:40:35.469000,290.0,324.0,304.0,322.0,True
0 days 00:44:13.709000,16,,10,4,,0 days 00:42:13.953000,0 days 00:00:30.799000,0 days 00:00:22.755000,,0 days 00:41:06.278000,0 days 00:41:29.058000,,266.0,256.0,,253.0,False
0 days 00:45:51.900000,16,0 days 00:01:38.191000,11,4,0 days 00:44:15.902000,,0 days 00:00:40.923000,0 days 00:00:19.244000,0 days 00:00:38.024000,0 days 00:44:54.632000,0 days 00:45:13.876000,0 days 00:45:51.900000,257.0,300.0,308.0,164.0,False
0 days 00:47:07.727000,16,0 days 00:01:15.827000,12,4,,,0 days 00:00:26.184000,0 days 00:00:17.155000,0 days 00:00:32.488000,0 days 00:46:18.084000,0 days 00:46:35.239000,0 days 00:47:07.727000,289.0,320.0,303.0,323.0,True
0 days 00:50:34.811000,16,,13,5,,0 days 00:48:50.988000,0 days 00:00:37.017000,0 days 00:00:22.101000,,0 days 00:47:44.899000,0 days 00:48:06.862000,,247.0,238.0,,244.0,False
0 days 00:52:24.017000,16,0 days 00:01:49.206000,14,5,0 days 00:50:40.078000,,0 days 00:00:45.637000,0 days 00:00:20.511000,0 days 00:00:43.058000,0 days 00:51:20.448000,0 days 00:51:40.959000,0 days 00:52:24.017000,139.0,304.0,311.0,85.0,False
0 days 01:00:42.011000,16,,15,6,,0 days 00:53:51.378000,0 days 00:00:29.532000,0 days 00:00:19.243000,,0 days 00:52:53.607000,0 days 00:53:12.864000,,256.0,296.0,,331.0,False
0 days 01:02:36.229000,16,0 days 00:01:54.218000,16,6,0 days 01:00:45.641000,,0 days 00:00:52.054000,0 days 00:00:19.065000,0 days 00:00:43.099000,0 days 01:01:34.065000,0 days 01:01:53.130000,0 days 01:02:36.229000,255.0,303.0,310.0,74.0,False
0 days 01:03:51.984000,16,0 days 00:01:15.755000,17,6,,,0 days 00:00:26.194000,0 days 00:00:17.025000,0 days 00:00:32.536000,0 days 01:03:02.423000,0 days 01:03:19.448000,0 days 01:03:51.984000,290.0,325.0,309.0,326.0,True
0 days 01:09:13.929000,16,,18,7,,0 days 01:05:25.016000,0 days 00:00:33.655000,0 days 00:00:19.709000,,0 days 01:04:25.696000,0 days 01:04:45.486000,,264.0,246.0,,276.0,False
0 days 01:11:08.038000,16,0 days 00:01:54.109000,19,7,0 days 01:09:18.817000,,0 days 00:00:52.056000,0 days 00:00:19.009000,0 days 00:00:43.044000,0 days 01:10:05.985000,0 days 01:10:24.994000,0 days 01:11:08.038000,259.0,303.0,311.0,78.0,False
0 days 01:12:26.805000,16,,20,7,,0 days 01:12:26.805000,0 days 00:00:26.379000,0 days 00:00:17.083000,,0 days 01:11:34.466000,0 days 01:11:51.589000,,289.0,325.0,,327.0,False
0 days 00:16:20.540000,12,0 days 00:02:04.708000,1,0,0 days 00:14:25.084000,,0 days 00:01:00.679000,0 days 00:00:22.375000,0 days 00:00:41.654000,0 days 00:15:16.561000,0 days 00:15:39.055000,0 days 00:16:20.540000,203.0,135.0,307.0,106.0,False
0 days 00:17:37.989000,12,0 days 00:01:17.449000,2,0,,,0 days 00:00:26.892000,0 days 00:00:17.476000,0 days 00:00:33.081000,0 days 00:16:47.432000,0 days 00:17:04.908000,0 days 00:17:37.989000,283.0,323.0,309.0,324.0,True
0 days 00:21:51.896000,12,,3,1,,0 days 00:19:21.389000,0 days 00:00:40.633000,0 days 00:00:23.383000,,0 days 00:18:18.843000,0 days 00:18:42.123000,,178.0,258.0,,270.0,False
0 days 00:23:40.149000,12,0 days 00:01:48.253000,4,1,0 days 00:21:53.945000,,0 days 00:00:43.523000,0 days 00:00:22.310000,0 days 00:00:42.420000,0 days 00:22:35.419000,0 days 00:22:57.729000,0 days 00:23:40.149000,103.0,257.0,308.0,148.0,False
0 days 00:24:56.915000,12,0 days 00:01:16.766000,5,1,,,0 days 00:00:26.585000,0 days 00:00:17.427000,0 days 00:00:32.754000,0 days 00:24:06.734000,0 days 00:24:24.161000,0 days 00:24:56.915000,289.0,320.0,306.0,325.0,True
0 days 00:26:43.987000,12,0 days 00:01:47.072000,6,1,,,0 days 00:00:40.940000,0 days 00:00:21.775000,0 days 00:00:44.357000,0 days 00:25:37.855000,0 days 00:25:59.630000,0 days 00:26:43.987000,172.0,258.0,170.0,271.0,False
0 days 00:28:28.449000,12,0 days 00:01:44.462000,7,1,,,0 days 00:00:39.073000,0 days 00:00:22.117000,0 days 00:00:43.272000,0 days 00:27:23.060000,0 days 00:27:45.177000,0 days 00:28:28.449000,224.0,258.0,308.0,163.0,False
0 days 00:29:44.974000,12,0 days 00:01:16.525000,8,1,,,0 days 00:00:26.443000,0 days 00:00:17.166000,0 days 00:00:32.916000,0 days 00:28:54.892000,0 days 00:29:12.058000,0 days 00:29:44.974000,290.0,325.0,309.0,324.0,True
0 days 00:31:25.314000,12,,9,1,,0 days 00:31:25.314000,0 days 00:00:33.919000,0 days 00:00:22.375000,,0 days 00:30:18.863000,0 days 00:30:41.338000,,225.0,249.0,,313.0,False
0 days 00:15:04.708000,55,0 days 00:02:01.786000,1,0,0 days 00:13:08.356000,,0 days 00:00:57.903000,0 days 00:00:19.445000,0 days 00:00:44.438000,0 days 00:14:00.868000,0 days 00:14:20.299000,0 days 00:15:04.845000,265.0,282.0,306.0,53.0,False
0 days 00:16:22.358000,55,0 days 00:01:17.650000,2,0,,,0 days 00:00:27.029000,0 days 00:00:17.351000,0 days 00:00:33.270000,0 days 00:15:31.737000,0 days 00:15:49.088000,0 days 00:16:22.358000,288.0,326.0,307.0,323.0,True
0 days 00:18:19.916000,55,0 days 00:01:57.558000,3,0,,,0 days 00:00:37.899000,0 days 00:00:26.600000,0 days 00:00:53.059000,0 days 00:17:00.257000,0 days 00:17:26.857000,0 days 00:18:19.916000,221.0,247.0,82.0,237.0,False
0 days 00:20:09.041000,55,0 days 00:01:49.125000,4,0,,,0 days 00:00:45.125000,0 days 00:00:24.914000,0 days 00:00:39.086000,0 days 00:19:05.041000,0 days 00:19:29.955000,0 days 00:20:09.041000,211.0,249.0,306.0,91.0,False
0 days 00:21:25.481000,55,0 days 00:01:16.440000,5,0,,,0 days 00:00:26.466000,0 days 00:00:17.168000,0 days 00:00:32.806000,0 days 00:20:35.507000,0 days 00:20:52.675000,0 days 00:21:25.481000,289.0,326.0,308.0,323.0,True
0 days 00:24:48.381000,55,,6,1,,0 days 00:23:01.575000,0 days 00:00:32.337000,0 days 00:00:23.192000,,0 days 00:21:57.915000,0 days 00:22:21.157000,,237.0,266.0,,284.0,False
0 days 00:26:37.408000,55,0 days 00:01:49.027000,7,1,0 days 00:24:53.311000,,0 days 00:00:49.368000,0 days 00:00:19.625000,0 days 00:00:40.034000,0 days 00:25:37.749000,0 days 00:25:57.374000,0 days 00:26:37.408000,265.0,304.0,307.0,93.0,False
0 days 00:27:53.768000,55,0 days 00:01:16.360000,8,1,,,0 days 00:00:26.477000,0 days 00:00:17.175000,0 days 00:00:32.708000,0 days 00:27:03.885000,0 days 00:27:21.060000,0 days 00:27:53.768000,289.0,325.0,310.0,323.0,True
0 days 00:38:37.051000,55,,9,2,,0 days 00:29:34.481000,0 days 00:00:37.472000,0 days 00:00:21.768000,,0 days 00:28:31.226000,0 days 00:28:53.140000,,202.0,272.0,,237.0,False
0 days 00:40:21.195000,55,0 days 00:01:44.144000,10,2,0 days 00:38:39.654000,,0 days 00:00:41.027000,0 days 00:00:20.107000,0 days 00:00:43.010000,0 days 00:39:18.078000,0 days 00:39:38.185000,0 days 00:40:21.195000,273.0,291.0,308.0,111.0,False
0 days 00:41:37.313000,55,0 days 00:01:16.118000,11,2,,,0 days 00:00:26.306000,0 days 00:00:17.153000,0 days 00:00:32.659000,0 days 00:40:47.501000,0 days 00:41:04.654000,0 days 00:41:37.313000,290.0,328.0,308.0,324.0,True
0 days 00:49:22.634000,55,,12,3,,0 days 00:43:13.871000,0 days 00:00:35.753000,0 days 00:00:21.693000,,0 days 00:42:13.196000,0 days 00:42:34.822000,,221.0,265.0,,249.0,False
0 days 00:51:34.050000,55,0 days 00:02:11.416000,13,3,0 days 00:49:44.659000,,0 days 00:01:08.277000,0 days 00:00:18.966000,0 days 00:00:44.173000,0 days 00:50:30.911000,0 days 00:50:49.877000,0 days 00:51:34.050000,274.0,308.0,309.0,50.0,False
0 days 00:52:49.981000,55,0 days 00:01:15.931000,14,3,,,0 days 00:00:26.269000,0 days 00:00:17.078000,0 days 00:00:32.584000,0 days 00:52:00.319000,0 days 00:52:17.397000,0 days 00:52:49.981000,287.0,328.0,308.0,327.0,True
0 days 01:01:15.706000,55,,15,4,,0 days 00:54:29.985000,0 days 00:00:37.115000,0 days 00:00:22.782000,,0 days 00:53:27.248000,0 days 00:53:50.004000,,206.0,255.0,,279.0,False
0 days 01:03:17.632000,55,0 days 00:02:01.926000,16,4,0 days 01:01:28.689000,,0 days 00:00:56.705000,0 days 00:00:21.249000,0 days 00:00:43.972000,0 days 01:02:12.411000,0 days 01:02:33.660000,0 days 01:03:17.632000,257.0,319.0,309.0,70.0,False
0 days 01:04:34.996000,55,0 days 00:01:17.364000,17,4,,,0 days 00:00:26.453000,0 days 00:00:17.106000,0 days 00:00:33.805000,0 days 01:03:44.085000,0 days 01:04:01.191000,0 days 01:04:34.996000,288.0,327.0,309.0,326.0,True
0 days 01:09:28.582000,55,,18,5,,0 days 01:06:08.184000,0 days 00:00:33.118000,0 days 00:00:20.849000,,0 days 01:05:08.129000,0 days 01:05:28.994000,,242.0,265.0,,284.0,False
0 days 01:11:26.417000,55,0 days 00:01:57.835000,19,5,0 days 01:09:42.482000,,0 days 00:00:57.134000,0 days 00:00:20.052000,0 days 00:00:40.649000,0 days 01:10:25.716000,0 days 01:10:45.768000,0 days 01:11:26.417000,237.0,292.0,311.0,78.0,False
0 days 01:12:42.479000,55,0 days 00:01:16.062000,20,5,,,0 days 00:00:26.355000,0 days 00:00:17,0 days 00:00:32.707000,0 days 01:11:52.772000,0 days 01:12:09.772000,0 days 01:12:42.479000,289.0,329.0,309.0,327.0,True
0 days 00:15:39.329000,23,0 days 00:01:51.299000,1,0,0 days 00:13:58.321000,,0 days 00:00:51.597000,0 days 00:00:18.751000,0 days 00:00:40.951000,0 days 00:14:39.717000,0 days 00:14:58.492000,0 days 00:15:39.362000,274.0,301.0,306.0,173.0,False
0 days 00:16:56.292000,23,0 days 00:01:16.963000,2,0,,,0 days 00:00:26.756000,0 days 00:00:17.281000,0 days 00:00:32.926000,0 days 00:16:06.085000,0 days 00:16:23.366000,0 days 00:16:56.292000,289.0,327.0,309.0,323.0,True
0 days 00:18:40.912000,23,0 days 00:01:44.620000,3,0,,,0 days 00:00:41.026000,0 days 00:00:22.838000,0 days 00:00:40.756000,0 days 00:17:37.318000,0 days 00:18:00.156000,0 days 00:18:40.912000,220.0,251.0,285.0,242.0,False
0 days 00:20:25.330000,23,0 days 00:01:44.418000,4,0,,,0 days 00:00:39.183000,0 days 00:00:22.548000,0 days 00:00:42.687000,0 days 00:19:20.095000,0 days 00:19:42.643000,0 days 00:20:25.330000,196.0,269.0,308.0,221.0,False
0 days 00:21:41.893000,23,0 days 00:01:16.563000,5,0,,,0 days 00:00:26.580000,0 days 00:00:17.141000,0 days 00:00:32.842000,0 days 00:20:51.910000,0 days 00:21:09.051000,0 days 00:21:41.893000,290.0,329.0,311.0,325.0,True
0 days 00:27:09.614000,23,,6,1,,0 days 00:23:17.185000,0 days 00:00:31.479000,0 days 00:00:23.928000,,0 days 00:22:13.475000,0 days 00:22:37.363000,,253.0,274.0,,295.0,False
0 days 00:29:21.167000,23,0 days 00:02:11.553000,7,1,0 days 00:27:21.703000,,0 days 00:01:07.382000,0 days 00:00:19.664000,0 days 00:00:44.507000,0 days 00:28:16.996000,0 days 00:28:36.660000,0 days 00:29:21.167000,171.0,309.0,309.0,124.0,False
0 days 00:30:37.412000,23,0 days 00:01:16.245000,8,1,,,0 days 00:00:26.378000,0 days 00:00:17.153000,0 days 00:00:32.714000,0 days 00:29:47.545000,0 days 00:30:04.698000,0 days 00:30:37.412000,292.0,327.0,309.0,325.0,True
0 days 00:38:39.764000,23,,9,2,,0 days 00:32:17.459000,0 days 00:00:38.102000,0 days 00:00:20.611000,,0 days 00:31:15.588000,0 days 00:31:36.121000,,252.0,263.0,,236.0,False
0 days 00:40:28.129000,23,0 days 00:01:48.365000,10,2,0 days 00:38:45.011000,,0 days 00:00:47.593000,0 days 00:00:18.895000,0 days 00:00:41.877000,0 days 00:39:27.357000,0 days 00:39:46.252000,0 days 00:40:28.129000,270.0,316.0,309.0,159.0,False
0 days 00:41:44.148000,23,0 days 00:01:16.019000,11,2,,,0 days 00:00:26.386000,0 days 00:00:17.120000,0 days 00:00:32.513000,0 days 00:40:54.515000,0 days 00:41:11.635000,0 days 00:41:44.148000,290.0,327.0,304.0,326.0,True
0 days 00:49:29.371000,23,,12,3,,0 days 00:43:18.566000,0 days 00:00:34.556000,0 days 00:00:20.178000,,0 days 00:42:18.672000,0 days 00:42:38.966000,,240.0,269.0,,240.0,False
0 days 00:51:39.185000,23,0 days 00:02:09.814000,13,3,0 days 00:49:49.825000,,0 days 00:01:11.483000,0 days 00:00:19.107000,0 days 00:00:39.224000,0 days 00:50:40.854000,0 days 00:50:59.961000,0 days 00:51:39.185000,275.0,297.0,309.0,79.0,False
0 days 00:52:55.202000,23,0 days 00:01:16.017000,14,3,,,0 days 00:00:26.186000,0 days 00:00:17.034000,0 days 00:00:32.797000,0 days 00:52:05.371000,0 days 00:52:22.405000,0 days 00:52:55.202000,289.0,328.0,309.0,327.0,True
0 days 01:01:32.190000,23,,15,4,,0 days 00:54:34.168000,0 days 00:00:38.933000,0 days 00:00:21.109000,,0 days 00:53:34.223000,0 days 00:53:55.409000,,256.0,256.0,,261.0,False
0 days 01:03:38.386000,23,0 days 00:02:06.196000,16,4,0 days 01:01:54.914000,,0 days 00:01:04.527000,0 days 00:00:20.014000,0 days 00:00:41.655000,0 days 01:02:36.717000,0 days 01:02:56.731000,0 days 01:03:38.386000,259.0,302.0,311.0,176.0,False
0 days 01:04:54.559000,23,0 days 00:01:16.173000,17,4,,,0 days 00:00:26.325000,0 days 00:00:17.061000,0 days 00:00:32.787000,0 days 01:04:04.711000,0 days 01:04:21.772000,0 days 01:04:54.559000,288.0,328.0,307.0,329.0,True
0 days 01:09:34.351000,23,,18,5,,0 days 01:06:26.637000,0 days 00:00:33.147000,0 days 00:00:20.393000,,0 days 01:05:27.798000,0 days 01:05:48.178000,,252.0,271.0,,264.0,False
0 days 01:11:34.836000,23,0 days 00:02:00.485000,19,5,0 days 01:09:46.810000,,0 days 00:01:00.588000,0 days 00:00:18.870000,0 days 00:00:41.027000,0 days 01:10:34.939000,0 days 01:10:53.809000,0 days 01:11:34.836000,272.0,286.0,315.0,72.0,False
0 days 01:12:50.573000,23,0 days 00:01:15.737000,20,5,,,0 days 00:00:26.215000,0 days 00:00:16.978000,0 days 00:00:32.544000,0 days 01:12:01.051000,0 days 01:12:18.029000,0 days 01:12:50.573000,289.0,329.0,309.0,331.0,True
0 days 00:16:41.521000,44,0 days 00:02:11.043000,1,0,0 days 00:14:39.185000,,0 days 00:01:10.077000,0 days 00:00:22.176000,0 days 00:00:38.790000,0 days 00:15:40.657000,0 days 00:16:02.762000,0 days 00:16:41.602000,248.0,260.0,308.0,128.0,False
0 days 00:17:58.265000,44,0 days 00:01:16.744000,2,0,,,0 days 00:00:26.490000,0 days 00:00:17.391000,0 days 00:00:32.863000,0 days 00:17:08.011000,0 days 00:17:25.402000,0 days 00:17:58.265000,290.0,319.0,306.0,323.0,True
0 days 00:20:18.719000,44,0 days 00:02:20.454000,3,1,,0 days 00:19:44.551000,0 days 00:00:38.912000,0 days 00:00:22.170000,0 days 00:01:19.372000,0 days 00:18:37.177000,0 days 00:18:59.347000,0 days 00:20:18.719000,228.0,265.0,,191.0,False
0 days 00:22:16.505000,44,0 days 00:01:57.786000,4,1,0 days 00:20:28.565000,,0 days 00:00:53.845000,0 days 00:00:23.627000,0 days 00:00:40.314000,0 days 00:21:12.564000,0 days 00:21:36.191000,0 days 00:22:16.505000,248.0,239.0,311.0,143.0,False
0 days 00:23:32.907000,44,0 days 00:01:16.402000,5,1,,,0 days 00:00:26.451000,0 days 00:00:17.243000,0 days 00:00:32.708000,0 days 00:22:42.956000,0 days 00:23:00.199000,0 days 00:23:32.907000,290.0,326.0,306.0,327.0,True
0 days 00:27:26.188000,44,,6,2,,0 days 00:25:10.009000,0 days 00:00:37.484000,0 days 00:00:20.687000,,0 days 00:24:10.435000,0 days 00:24:31.196000,,251.0,207.0,,220.0,False
0 days 00:29:46.218000,44,0 days 00:02:20.030000,7,2,0 days 00:27:34.566000,,0 days 00:01:15.169000,0 days 00:00:20.642000,0 days 00:00:44.219000,0 days 00:28:41.357000,0 days 00:29:01.999000,0 days 00:29:46.218000,155.0,289.0,312.0,100.0,False
0 days 00:31:02.431000,44,0 days 00:01:16.213000,8,2,,,0 days 00:00:26.347000,0 days 00:00:17.224000,0 days 00:00:32.642000,0 days 00:30:12.565000,0 days 00:30:29.789000,0 days 00:31:02.431000,290.0,323.0,305.0,330.0,True
0 days 00:37:35.836000,44,,9,3,,0 days 00:32:45.725000,0 days 00:00:33.848000,0 days 00:00:25.052000,,0 days 00:31:36.457000,0 days 00:32:01.419000,,243.0,207.0,,239.0,False
0 days 00:39:40.612000,44,0 days 00:02:04.776000,10,3,0 days 00:37:44.859000,,0 days 00:01:01.174000,0 days 00:00:22.748000,0 days 00:00:40.854000,0 days 00:38:37.010000,0 days 00:38:59.758000,0 days 00:39:40.612000,234.0,268.0,304.0,140.0,False
0 days 00:40:56.685000,44,0 days 00:01:16.073000,11,3,,,0 days 00:00:26.518000,0 days 00:00:17.292000,0 days 00:00:32.263000,0 days 00:40:07.130000,0 days 00:40:24.422000,0 days 00:40:56.685000,289.0,320.0,307.0,320.0,True
0 days 00:44:18.929000,44,,12,4,,0 days 00:42:36.118000,0 days 00:00:35.441000,0 days 00:00:23.065000,,0 days 00:41:32.396000,0 days 00:41:55.213000,,222.0,266.0,,235.0,False
0 days 00:46:00.127000,44,0 days 00:01:41.198000,13,4,0 days 00:44:23.539000,,0 days 00:00:44.444000,0 days 00:00:19.063000,0 days 00:00:37.691000,0 days 00:45:03.373000,0 days 00:45:22.436000,0 days 00:46:00.127000,258.0,303.0,310.0,156.0,False
0 days 00:47:16.046000,44,0 days 00:01:15.919000,14,4,,,0 days 00:00:26.150000,0 days 00:00:17.223000,0 days 00:00:32.546000,0 days 00:46:26.277000,0 days 00:46:43.500000,0 days 00:47:16.046000,289.0,321.0,306.0,324.0,True
0 days 00:49:00.684000,44,0 days 00:01:44.638000,15,4,,,0 days 00:00:37.652000,0 days 00:00:23.020000,0 days 00:00:43.966000,0 days 00:47:53.698000,0 days 00:48:16.718000,0 days 00:49:00.684000,198.0,259.0,168.0,230.0,False
0 days 00:50:47.180000,44,0 days 00:01:46.496000,16,4,,,0 days 00:00:38.501000,0 days 00:00:24.858000,0 days 00:00:43.137000,0 days 00:49:39.185000,0 days 00:50:04.043000,0 days 00:50:47.180000,,236.0,308.0,183.0,False
0 days 01:00:50.633000,44,,17,5,,0 days 00:52:36.973000,0 days 00:00:26.342000,0 days 00:00:17.060000,,0 days 00:51:13.686000,0 days 00:51:30.636000,,289.0,329.0,,326.0,False
0 days 01:02:55.070000,44,0 days 00:02:04.437000,18,5,0 days 01:01:05.344000,,0 days 00:01:05.014000,0 days 00:00:19.905000,0 days 00:00:39.518000,0 days 01:01:55.647000,0 days 01:02:15.552000,0 days 01:02:55.070000,253.0,293.0,310.0,143.0,False
0 days 01:04:11.397000,44,0 days 00:01:16.327000,19,5,,,0 days 00:00:26.290000,0 days 00:00:17.084000,0 days 00:00:32.953000,0 days 01:03:21.360000,0 days 01:03:38.444000,0 days 01:04:11.397000,290.0,324.0,309.0,327.0,True
0 days 01:09:24.167000,44,,20,6,,0 days 01:05:45.075000,0 days 00:00:35.256000,0 days 00:00:20.419000,,0 days 01:04:46.737000,0 days 01:05:07.051000,,243.0,281.0,,233.0,False
0 days 01:11:16.932000,44,0 days 00:01:52.765000,21,6,0 days 01:09:36.600000,,0 days 00:00:54.880000,0 days 00:00:19.746000,0 days 00:00:38.139000,0 days 01:10:19.047000,0 days 01:10:38.793000,0 days 01:11:16.932000,252.0,288.0,312.0,155.0,False
0 days 01:12:32.905000,44,0 days 00:01:15.973000,22,6,,,0 days 00:00:26.265000,0 days 00:00:17.080000,0 days 00:00:32.628000,0 days 01:11:43.197000,0 days 01:12:00.277000,0 days 01:12:32.905000,290.0,324.0,306.0,328.0,True
0 days 00:20:49.543000,22,0 days 00:02:03.776000,1,0,0 days 00:18:50.729000,,0 days 00:00:59.055000,0 days 00:00:22.070000,0 days 00:00:42.651000,0 days 00:19:44.886000,0 days 00:20:06.952000,0 days 00:20:49.543000,213.0,283.0,309.0,107.0,False
0 days 00:22:06.295000,22,0 days 00:01:16.752000,2,0,,,0 days 00:00:26.690000,0 days 00:00:17.234000,0 days 00:00:32.828000,0 days 00:21:16.233000,0 days 00:21:33.467000,0 days 00:22:06.295000,289.0,328.0,309.0,327.0,True
0 days 00:26:19.443000,22,,3,1,,0 days 00:23:42.524000,0 days 00:00:36.441000,0 days 00:00:20.573000,,0 days 00:22:42.786000,0 days 00:23:03.329000,,175.0,256.0,,241.0,False
0 days 00:28:14.926000,22,0 days 00:01:55.483000,4,1,0 days 00:26:22.964000,,0 days 00:00:52.314000,0 days 00:00:22.091000,0 days 00:00:41.078000,0 days 00:27:11.757000,0 days 00:27:33.848000,0 days 00:28:14.926000,209.0,289.0,309.0,89.0,False
0 days 00:29:31.151000,22,0 days 00:01:16.225000,5,1,,,0 days 00:00:26.468000,0 days 00:00:17.173000,0 days 00:00:32.584000,0 days 00:28:41.394000,0 days 00:28:58.567000,0 days 00:29:31.151000,291.0,328.0,307.0,326.0,True
0 days 00:41:59.489000,22,,6,2,,0 days 00:31:14.221000,0 days 00:00:36.815000,0 days 00:00:23.677000,,0 days 00:30:08.022000,0 days 00:30:31.724000,,207.0,277.0,,289.0,False
0 days 00:43:55.882000,22,0 days 00:01:56.393000,7,2,0 days 00:42:04.396000,,0 days 00:00:51.695000,0 days 00:00:22.126000,0 days 00:00:42.572000,0 days 00:42:51.184000,0 days 00:43:13.310000,0 days 00:43:55.882000,195.0,281.0,308.0,85.0,False
0 days 00:45:11.891000,22,0 days 00:01:16.009000,8,2,,,0 days 00:00:26.264000,0 days 00:00:17.193000,0 days 00:00:32.552000,0 days 00:44:22.146000,0 days 00:44:39.339000,0 days 00:45:11.891000,289.0,325.0,307.0,325.0,True
0 days 00:49:22.908000,22,,9,3,,0 days 00:46:46.128000,0 days 00:00:32.375000,0 days 00:00:21.048000,,0 days 00:45:44.418000,0 days 00:46:05.349000,,225.0,273.0,,284.0,False
0 days 00:51:15.855000,22,,10,3,0 days 00:49:22.908000,,0 days 00:01:27.433000,0 days 00:00:22.003000,0 days 00:00:40.978000,0 days 00:50:12.874000,0 days 00:50:35.002000,0 days 00:51:16.124000,194.0,301.0,310.0,95.0,False
0 days 00:52:32.160000,22,0 days 00:01:16.305000,11,3,,,0 days 00:00:26.311000,0 days 00:00:17.151000,0 days 00:00:32.843000,0 days 00:51:42.166000,0 days 00:51:59.317000,0 days 00:52:32.160000,288.0,327.0,311.0,327.0,False
0 days 01:02:02.250000,22,,12,4,,0 days 00:54:16.482000,0 days 00:00:35.212000,0 days 00:00:24.070000,,0 days 00:53:07.442000,0 days 00:53:31.469000,,234.0,214.0,,280.0,False
0 days 01:03:55.550000,22,0 days 00:01:53.300000,13,4,0 days 01:02:07.234000,,0 days 00:00:50.454000,0 days 00:00:21.003000,0 days 00:00:41.843000,0 days 01:02:52.704000,0 days 01:03:13.707000,0 days 01:03:55.550000,138.0,304.0,311.0,150.0,False
0 days 01:05:11.789000,22,0 days 00:01:16.239000,14,4,,,0 days 00:00:26.329000,0 days 00:00:17.151000,0 days 00:00:32.759000,0 days 01:04:21.879000,0 days 01:04:39.030000,0 days 01:05:11.789000,289.0,327.0,308.0,330.0,True
0 days 01:09:51.318000,22,,15,5,,0 days 01:06:38.518000,0 days 00:00:30.736000,0 days 00:00:19.769000,,0 days 01:05:42.554000,0 days 01:06:02.360000,,260.0,285.0,,276.0,False
0 days 01:11:53.103000,22,0 days 00:02:01.785000,16,5,0 days 01:10:01.581000,,0 days 00:00:58.759000,0 days 00:00:22.739000,0 days 00:00:40.287000,0 days 01:10:50.077000,0 days 01:11:12.816000,0 days 01:11:53.103000,219.0,295.0,311.0,125.0,False
0 days 01:13:08.773000,22,0 days 00:01:15.670000,17,5,,,0 days 00:00:26.190000,0 days 00:00:17.005000,0 days 00:00:32.475000,0 days 01:12:19.293000,0 days 01:12:36.298000,0 days 01:13:08.773000,290.0,330.0,306.0,328.0,True
0 days 00:16:54.443000,4,0 days 00:01:50.421000,1,0,0 days 00:15:08.068000,,0 days 00:00:48.877000,0 days 00:00:24.492000,0 days 00:00:37.052000,0 days 00:15:52.989000,0 days 00:16:17.554000,0 days 00:16:54.443000,240.0,171.0,310.0,53.0,False
0 days 00:18:10.446000,4,0 days 00:01:16.003000,2,0,,,0 days 00:00:26.383000,0 days 00:00:17.285000,0 days 00:00:32.335000,0 days 00:17:20.826000,0 days 00:17:38.111000,0 days 00:18:10.446000,290.0,322.0,307.0,324.0,True
0 days 00:20:12.796000,4,0 days 00:02:02.350000,3,1,,0 days 00:19:55.246000,0 days 00:00:37.180000,0 days 00:00:23.115000,0 days 00:01:02.055000,0 days 00:18:47.626000,0 days 00:19:10.741000,0 days 00:20:12.796000,227.0,236.0,,272.0,False
0 days 00:22:09.056000,4,0 days 00:01:56.260000,4,1,0 days 00:20:16.711000,,0 days 00:00:52.032000,0 days 00:00:23.199000,0 days 00:00:41.029000,0 days 00:21:04.828000,0 days 00:21:28.027000,0 days 00:22:09.056000,228.0,237.0,313.0,96.0,False
0 days 00:23:24.968000,4,0 days 00:01:15.912000,5,1,,,0 days 00:00:26.463000,0 days 00:00:17.116000,0 days 00:00:32.333000,0 days 00:22:35.519000,0 days 00:22:52.635000,0 days 00:23:24.968000,290.0,326.0,308.0,328.0,True
0 days 00:27:21.248000,4,,6,2,,0 days 00:25:05.842000,0 days 00:00:33.883000,0 days 00:00:24.282000,,0 days 00:23:58.904000,0 days 00:24:23.285000,,226.0,159.0,,274.0,False
0 days 00:29:38.405000,4,0 days 00:02:17.157000,7,2,0 days 00:27:30.951000,,0 days 00:01:14.266000,0 days 00:00:24.466000,0 days 00:00:38.425000,0 days 00:28:35.514000,0 days 00:28:59.980000,0 days 00:29:38.405000,220.0,223.0,311.0,66.0,False
0 days 00:39:00.285000,4,,8,3,,0 days 00:31:09.955000,0 days 00:00:26.600000,0 days 00:00:22.982000,,0 days 00:30:05.039000,0 days 00:30:28.073000,,251.0,117.0,,326.0,False
0 days 00:40:52.920000,4,0 days 00:01:52.635000,9,3,0 days 00:39:05.869000,,0 days 00:00:51.455000,0 days 00:00:22.688000,0 days 00:00:38.492000,0 days 00:39:51.740000,0 days 00:40:14.428000,0 days 00:40:52.920000,239.0,256.0,308.0,157.0,False
0 days 00:42:08.476000,4,0 days 00:01:15.556000,10,3,,,0 days 00:00:26.104000,0 days 00:00:17.122000,0 days 00:00:32.330000,0 days 00:41:19.024000,0 days 00:41:36.146000,0 days 00:42:08.476000,289.0,325.0,307.0,323.0,True
0 days 00:49:49.068000,4,,11,4,,0 days 00:43:47.972000,0 days 00:00:34.117000,0 days 00:00:22.732000,,0 days 00:42:42.771000,0 days 00:43:05.398000,,221.0,218.0,,274.0,False
0 days 00:52:08.055000,4,0 days 00:02:18.987000,12,4,0 days 00:50:07.700000,,0 days 00:01:14.171000,0 days 00:00:23.020000,0 days 00:00:41.796000,0 days 00:51:03.239000,0 days 00:51:26.259000,0 days 00:52:08.055000,250.0,259.0,311.0,118.0,False
0 days 00:53:23.470000,4,0 days 00:01:15.415000,13,4,,,0 days 00:00:26.194000,0 days 00:00:17.030000,0 days 00:00:32.191000,0 days 00:52:34.249000,0 days 00:52:51.279000,0 days 00:53:23.470000,289.0,325.0,310.0,328.0,True
0 days 01:00:38.208000,4,,14,5,,0 days 00:54:54.350000,0 days 00:00:31.704000,0 days 00:00:20.887000,,0 days 00:53:55.231000,0 days 00:54:16.122000,,250.0,244.0,,279.0,False
0 days 01:02:26.986000,4,0 days 00:01:48.778000,15,5,0 days 01:00:41.755000,,0 days 00:00:46.065000,0 days 00:00:23.775000,0 days 00:00:38.938000,0 days 01:01:24.273000,0 days 01:01:48.048000,0 days 01:02:26.986000,232.0,271.0,311.0,90.0,False
0 days 01:03:42.907000,4,0 days 00:01:15.921000,16,5,,,0 days 00:00:26.127000,0 days 00:00:17.057000,0 days 00:00:32.737000,0 days 01:02:53.113000,0 days 01:03:10.170000,0 days 01:03:42.907000,289.0,325.0,313.0,326.0,True
0 days 01:08:34.537000,4,,17,6,,0 days 01:05:06.983000,0 days 00:00:30.603000,0 days 00:00:19.108000,,0 days 01:04:13.594000,0 days 01:04:32.674000,,260.0,282.0,,290.0,False
0 days 01:10:28.640000,4,0 days 00:01:54.103000,18,6,0 days 01:08:40.457000,,0 days 00:00:54.303000,0 days 00:00:21.966000,0 days 00:00:37.834000,0 days 01:09:28.840000,0 days 01:09:50.806000,0 days 01:10:28.640000,229.0,286.0,311.0,130.0,False
0 days 01:11:43.736000,4,0 days 00:01:15.096000,19,6,,,0 days 00:00:25.961000,0 days 00:00:16.997000,0 days 00:00:32.138000,0 days 01:10:54.601000,0 days 01:11:11.598000,0 days 01:11:43.736000,288.0,325.0,310.0,326.0,True
0 days 01:13:23.775000,4,,20,6,,0 days 01:13:23.775000,0 days 00:00:32.565000,0 days 00:00:20.416000,,0 days 01:12:16.370000,0 days 01:12:36.666000,,225.0,186.0,,287.0,False
0 days 00:15:10.329000,5,0 days 00:01:59.127000,1,0,0 days 00:13:16.660000,,0 days 00:00:58.144000,0 days 00:00:19.397000,0 days 00:00:41.586000,0 days 00:14:09.424000,0 days 00:14:28.805000,0 days 00:15:10.329000,249.0,300.0,308.0,132.0,False
0 days 00:16:59.344000,5,0 days 00:01:49.015000,2,1,,0 days 00:16:48.742000,0 days 00:00:30.492000,0 days 00:00:23.848000,0 days 00:00:54.675000,0 days 00:15:40.821000,0 days 00:16:04.669000,0 days 00:16:59.344000,206.0,223.0,,325.0,False
0 days 00:18:54.539000,5,0 days 00:01:55.195000,3,1,0 days 00:17:01.364000,,0 days 00:00:50.758000,0 days 00:00:23.424000,0 days 00:00:41.013000,0 days 00:17:50.102000,0 days 00:18:13.526000,0 days 00:18:54.539000,210.0,265.0,310.0,56.0,False
0 days 00:20:11.310000,5,0 days 00:01:16.771000,4,1,,,0 days 00:00:26.423000,0 days 00:00:17.272000,0 days 00:00:33.076000,0 days 00:19:20.962000,0 days 00:19:38.234000,0 days 00:20:11.310000,289.0,326.0,302.0,326.0,True
0 days 00:27:53.788000,5,,5,2,,0 days 00:21:44.955000,0 days 00:00:32.114000,0 days 00:00:20.072000,,0 days 00:20:43.459000,0 days 00:21:03.589000,,250.0,261.0,,263.0,False
0 days 00:30:14.883000,5,0 days 00:02:21.095000,6,2,0 days 00:28:27.271000,,0 days 00:01:15.221000,0 days 00:00:21.593000,0 days 00:00:44.281000,0 days 00:29:09.009000,0 days 00:29:30.602000,0 days 00:30:14.883000,254.0,130.0,308.0,122.0,False
0 days 00:31:31.399000,5,0 days 00:01:16.516000,7,2,,,0 days 00:00:26.495000,0 days 00:00:17.220000,0 days 00:00:32.801000,0 days 00:30:41.378000,0 days 00:30:58.598000,0 days 00:31:31.399000,289.0,327.0,306.0,325.0,True
0 days 00:41:32.591000,5,,8,3,,0 days 00:33:14.692000,0 days 00:00:36.362000,0 days 00:00:22.436000,,0 days 00:32:07.781000,0 days 00:32:30.226000,,227.0,228.0,,263.0,False
0 days 00:43:39.383000,5,0 days 00:02:06.792000,9,3,0 days 00:41:52.157000,,0 days 00:01:02.305000,0 days 00:00:22.185000,0 days 00:00:42.302000,0 days 00:42:34.896000,0 days 00:42:57.081000,0 days 00:43:39.383000,245.0,223.0,307.0,106.0,False
0 days 00:44:56.903000,5,0 days 00:01:17.520000,10,3,,,0 days 00:00:26.577000,0 days 00:00:17.331000,0 days 00:00:33.612000,0 days 00:44:05.960000,0 days 00:44:23.291000,0 days 00:44:56.903000,289.0,327.0,305.0,325.0,True
0 days 00:48:30.355000,5,,11,4,,0 days 00:46:27.990000,0 days 00:00:32.767000,0 days 00:00:20.392000,,0 days 00:45:29.757000,0 days 00:45:50.166000,,254.0,281.0,,250.0,False
0 days 00:50:33.484000,5,0 days 00:02:03.129000,12,4,0 days 00:48:32.502000,,0 days 00:00:55.696000,0 days 00:00:20.286000,0 days 00:00:47.147000,0 days 00:49:26.051000,0 days 00:49:46.337000,0 days 00:50:33.484000,255.0,298.0,307.0,32.0,False
0 days 00:52:13.580000,5,,13,4,,0 days 00:52:13.580000,0 days 00:00:26.977000,0 days 00:00:26.474000,,0 days 00:51:00.488000,0 days 00:51:26.979000,,263.0,205.0,,323.0,False
0 days 00:16:01.372000,10,0 days 00:01:47.874000,1,0,0 days 00:14:21.451000,,0 days 00:00:49.586000,0 days 00:00:20.258000,0 days 00:00:38.030000,0 days 00:15:03.120000,0 days 00:15:23.443000,0 days 00:16:01.440000,246.0,302.0,306.0,169.0,False
0 days 00:17:18.211000,10,0 days 00:01:16.839000,2,0,,,0 days 00:00:26.640000,0 days 00:00:17.369000,0 days 00:00:32.830000,0 days 00:16:28.012000,0 days 00:16:45.381000,0 days 00:17:18.211000,288.0,323.0,301.0,322.0,True
0 days 00:19:09.206000,10,0 days 00:01:50.995000,3,0,,,0 days 00:00:39.233000,0 days 00:00:22.133000,0 days 00:00:49.629000,0 days 00:17:57.444000,0 days 00:18:19.577000,0 days 00:19:09.206000,236.0,236.0,126.0,238.0,False
0 days 00:20:56.155000,10,0 days 00:01:46.949000,4,0,,,0 days 00:00:43.056000,0 days 00:00:20.839000,0 days 00:00:43.054000,0 days 00:19:52.262000,0 days 00:20:13.101000,0 days 00:20:56.155000,,252.0,309.0,143.0,False
0 days 00:22:12.980000,10,0 days 00:01:16.825000,5,0,,,0 days 00:00:26.606000,0 days 00:00:17.241000,0 days 00:00:32.978000,0 days 00:21:22.761000,0 days 00:21:40.002000,0 days 00:22:12.980000,287.0,327.0,308.0,326.0,True
0 days 00:26:27.304000,10,,6,1,,0 days 00:23:51.530000,0 days 00:00:35.323000,0 days 00:00:23.334000,,0 days 00:22:48.277000,0 days 00:23:11.738000,,231.0,223.0,,265.0,False
0 days 00:28:35.807000,10,0 days 00:02:08.503000,7,1,0 days 00:26:38.361000,,0 days 00:01:03.716000,0 days 00:00:20.856000,0 days 00:00:43.931000,0 days 00:27:31.020000,0 days 00:27:51.876000,0 days 00:28:35.807000,218.0,308.0,309.0,65.0,False
0 days 00:29:52.135000,10,0 days 00:01:16.328000,8,1,,,0 days 00:00:26.540000,0 days 00:00:17.148000,0 days 00:00:32.640000,0 days 00:29:02.347000,0 days 00:29:19.495000,0 days 00:29:52.135000,288.0,328.0,308.0,324.0,True
0 days 00:41:24.165000,10,,9,2,,0 days 00:31:37.351000,0 days 00:00:39.420000,0 days 00:00:20.961000,,0 days 00:30:31.595000,0 days 00:30:52.472000,,234.0,266.0,,282.0,False
0 days 00:43:16.880000,10,0 days 00:01:52.715000,10,2,0 days 00:41:32.778000,,0 days 00:00:51.413000,0 days 00:00:19.712000,0 days 00:00:41.590000,0 days 00:42:15.578000,0 days 00:42:35.290000,0 days 00:43:16.880000,254.0,305.0,308.0,154.0,False
0 days 00:44:32.992000,10,0 days 00:01:16.112000,11,2,,,0 days 00:00:26.400000,0 days 00:00:17.152000,0 days 00:00:32.560000,0 days 00:43:43.280000,0 days 00:44:00.432000,0 days 00:44:32.992000,287.0,325.0,307.0,324.0,True
0 days 00:50:03.837000,10,,12,3,,0 days 00:46:16.633000,0 days 00:00:36.874000,0 days 00:00:22.866000,,0 days 00:45:11.206000,0 days 00:45:32.774000,,219.0,229.0,,278.0,False
0 days 00:52:21.182000,10,0 days 00:02:17.345000,13,3,0 days 00:50:35.465000,,0 days 00:01:13.997000,0 days 00:00:20.104000,0 days 00:00:43.244000,0 days 00:51:17.834000,0 days 00:51:37.938000,0 days 00:52:21.182000,248.0,277.0,309.0,142.0,False
0 days 00:53:37.378000,10,0 days 00:01:16.196000,14,3,,,0 days 00:00:26.444000,0 days 00:00:17.051000,0 days 00:00:32.701000,0 days 00:52:47.626000,0 days 00:53:04.677000,0 days 00:53:37.378000,286.0,326.0,306.0,329.0,False
0 days 01:01:27.174000,10,,15,4,,0 days 00:55:20.062000,0 days 00:00:39.168000,0 days 00:00:20.439000,,0 days 00:54:16.665000,0 days 00:54:37.109000,,240.0,274.0,,240.0,False
0 days 01:03:30.508000,10,0 days 00:02:03.334000,16,4,0 days 01:01:46.596000,,0 days 00:01:01.310000,0 days 00:00:21.020000,0 days 00:00:41.004000,0 days 01:02:28.484000,0 days 01:02:49.504000,0 days 01:03:30.508000,240.0,283.0,309.0,160.0,False
0 days 01:04:46.895000,10,0 days 00:01:16.387000,17,4,,,0 days 00:00:26.387000,0 days 00:00:17.151000,0 days 00:00:32.849000,0 days 01:03:56.895000,0 days 01:04:14.046000,0 days 01:04:46.895000,287.0,324.0,306.0,325.0,True
0 days 01:08:50.531000,10,,18,5,,0 days 01:06:21.146000,0 days 00:00:33.253000,0 days 00:00:20.197000,,0 days 01:05:20.117000,0 days 01:05:40.368000,,251.0,281.0,,261.0,False
0 days 01:10:59.288000,10,0 days 00:02:08.757000,19,5,0 days 01:09:12.855000,,0 days 00:01:05.947000,0 days 00:00:21.291000,0 days 00:00:41.519000,0 days 01:09:56.478000,0 days 01:10:17.769000,0 days 01:10:59.288000,242.0,276.0,310.0,135.0,False
0 days 01:12:15.268000,10,0 days 00:01:15.980000,20,5,,,0 days 00:00:26.293000,0 days 00:00:17.087000,0 days 00:00:32.600000,0 days 01:11:25.581000,0 days 01:11:42.668000,0 days 01:12:15.268000,287.0,326.0,307.0,326.0,True
0 days 00:20:32.789000,6,0 days 00:01:57.105000,1,0,0 days 00:18:40.194000,,0 days 00:00:49.706000,0 days 00:00:20.338000,0 days 00:00:47.061000,0 days 00:19:25.478000,0 days 00:19:45.850000,0 days 00:20:32.789000,244.0,302.0,309.0,160.0,False
0 days 00:21:49.514000,6,0 days 00:01:16.725000,2,0,,,0 days 00:00:26.650000,0 days 00:00:17.221000,0 days 00:00:32.854000,0 days 00:20:59.439000,0 days 00:21:16.660000,0 days 00:21:49.514000,289.0,328.0,308.0,327.0,True
0 days 00:26:36.447000,6,,3,1,,0 days 00:23:20.556000,0 days 00:00:34.152000,0 days 00:00:19.715000,,0 days 00:22:23.812000,0 days 00:22:43.442000,,258.0,302.0,,106.0,False
0 days 00:28:49.607000,6,0 days 00:02:13.160000,4,1,0 days 00:26:57.430000,,0 days 00:01:11.743000,0 days 00:00:19.941000,0 days 00:00:41.476000,0 days 00:27:48.190000,0 days 00:28:08.131000,0 days 00:28:49.607000,243.0,304.0,309.0,121.0,False
0 days 00:30:05.961000,6,0 days 00:01:16.354000,5,1,,,0 days 00:00:26.523000,0 days 00:00:17.139000,0 days 00:00:32.692000,0 days 00:29:16.130000,0 days 00:29:33.269000,0 days 00:30:05.961000,292.0,329.0,308.0,327.0,True
0 days 00:41:13.180000,6,,6,2,,0 days 00:31:44.453000,0 days 00:00:38.398000,0 days 00:00:19.992000,,0 days 00:30:44.456000,0 days 00:31:04.452000,,260.0,284.0,,255.0,False
0 days 00:43:09.091000,6,0 days 00:01:55.911000,7,2,0 days 00:41:17.242000,,0 days 00:00:51.498000,0 days 00:00:20.549000,0 days 00:00:43.864000,0 days 00:42:04.678000,0 days 00:42:25.227000,0 days 00:43:09.091000,240.0,274.0,307.0,141.0,False
0 days 00:44:25.536000,6,0 days 00:01:16.445000,8,2,,,0 days 00:00:26.510000,0 days 00:00:17.239000,0 days 00:00:32.696000,0 days 00:43:35.601000,0 days 00:43:52.840000,0 days 00:44:25.536000,288.0,325.0,306.0,324.0,True
0 days 00:49:42.269000,6,,9,3,,0 days 00:45:54.831000,0 days 00:00:31.594000,0 days 00:00:19.549000,,0 days 00:44:57.287000,0 days 00:45:16.802000,,260.0,302.0,,267.0,False
0 days 00:51:24.687000,6,,10,3,0 days 00:49:42.269000,,0 days 00:01:36.382000,0 days 00:00:20.335000,0 days 00:00:38.753000,0 days 00:50:25.624000,0 days 00:50:46.029000,0 days 00:51:24.932000,224.0,298.0,310.0,152.0,False
0 days 00:52:40.862000,6,0 days 00:01:16.175000,11,3,,,0 days 00:00:26.345000,0 days 00:00:17.148000,0 days 00:00:32.682000,0 days 00:51:51.032000,0 days 00:52:08.180000,0 days 00:52:40.862000,289.0,328.0,309.0,329.0,True
0 days 00:54:21.949000,6,,12,3,,0 days 00:54:21.949000,0 days 00:00:39.259000,0 days 00:00:19.535000,,0 days 00:53:20.163000,0 days 00:53:39.723000,,253.0,301.0,,260.0,False
0 days 00:15:46.440000,18,0 days 00:01:47.671000,1,0,0 days 00:14:07.206000,,0 days 00:00:49.801000,0 days 00:00:18.997000,0 days 00:00:38.873000,0 days 00:14:48.748000,0 days 00:15:07.720000,0 days 00:15:46.458000,260.0,314.0,309.0,147.0,False
0 days 00:17:03.390000,18,0 days 00:01:16.950000,2,0,,,0 days 00:00:26.697000,0 days 00:00:17.289000,0 days 00:00:32.964000,0 days 00:16:13.137000,0 days 00:16:30.426000,0 days 00:17:03.390000,290.0,324.0,308.0,325.0,True
0 days 00:20:01.299000,18,,3,1,,0 days 00:18:43.060000,0 days 00:00:35.543000,0 days 00:00:22.971000,,0 days 00:17:39.059000,0 days 00:18:02.075000,,215.0,243.0,,240.0,False
0 days 00:21:51.899000,18,0 days 00:01:50.600000,4,1,0 days 00:20:05.222000,,0 days 00:00:46.395000,0 days 00:00:21.259000,0 days 00:00:42.946000,0 days 00:20:47.694000,0 days 00:21:08.953000,0 days 00:21:51.899000,251.0,173.0,313.0,95.0,False
0 days 00:23:08.558000,18,0 days 00:01:16.659000,5,1,,,0 days 00:00:26.364000,0 days 00:00:17.191000,0 days 00:00:33.104000,0 days 00:22:18.263000,0 days 00:22:35.454000,0 days 00:23:08.558000,288.0,326.0,307.0,329.0,True
0 days 00:27:20.070000,18,,6,2,,0 days 00:24:47.600000,0 days 00:00:35.621000,0 days 00:00:22.412000,,0 days 00:23:44.189000,0 days 00:24:06.671000,,224.0,234.0,,246.0,False
0 days 00:29:27.141000,18,0 days 00:02:07.071000,7,2,0 days 00:27:28.838000,,0 days 00:01:05.754000,0 days 00:00:19.006000,0 days 00:00:42.311000,0 days 00:28:25.824000,0 days 00:28:44.830000,0 days 00:29:27.141000,263.0,309.0,310.0,88.0,False
0 days 00:30:43.510000,18,0 days 00:01:16.369000,8,2,,,0 days 00:00:26.474000,0 days 00:00:17.151000,0 days 00:00:32.744000,0 days 00:29:53.615000,0 days 00:30:10.766000,0 days 00:30:43.510000,290.0,328.0,309.0,327.0,True
0 days 00:39:42.716000,18,,9,3,,0 days 00:32:24.756000,0 days 00:00:35.377000,0 days 00:00:23.369000,,0 days 00:31:18.954000,0 days 00:31:42.300000,,205.0,230.0,,247.0,False
0 days 00:41:21.848000,18,0 days 00:01:39.132000,10,3,0 days 00:39:44.778000,,0 days 00:00:40.399000,0 days 00:00:19.767000,0 days 00:00:38.966000,0 days 00:40:23.115000,0 days 00:40:42.882000,0 days 00:41:21.848000,238.0,270.0,307.0,173.0,False
0 days 00:42:38.918000,18,0 days 00:01:17.070000,11,3,,,0 days 00:00:26.601000,0 days 00:00:17.306000,0 days 00:00:33.163000,0 days 00:41:48.449000,0 days 00:42:05.755000,0 days 00:42:38.918000,288.0,325.0,306.0,323.0,True
0 days 00:48:32.739000,18,,12,4,,0 days 00:44:16.127000,0 days 00:00:34.790000,0 days 00:00:22.305000,,0 days 00:43:13.826000,0 days 00:43:36.141000,,223.0,248.0,,237.0,False
0 days 00:50:41.282000,18,0 days 00:02:08.543000,13,4,0 days 00:48:35.558000,,0 days 00:01:02.511000,0 days 00:00:18.831000,0 days 00:00:47.201000,0 days 00:49:35.250000,0 days 00:49:54.081000,0 days 00:50:41.282000,257.0,307.0,309.0,49.0,False
0 days 00:51:57.765000,18,0 days 00:01:16.483000,14,4,,,0 days 00:00:26.457000,0 days 00:00:17.173000,0 days 00:00:32.853000,0 days 00:51:07.739000,0 days 00:51:24.912000,0 days 00:51:57.765000,288.0,325.0,307.0,326.0,True
0 days 00:53:42.297000,18,,15,4,,0 days 00:53:42.297000,0 days 00:00:39.233000,0 days 00:00:21.426000,,0 days 00:52:37.049000,0 days 00:52:58.547000,,107.0,293.0,,258.0,False
0 days 00:14:48.513000,7,0 days 00:02:06.136000,1,0,0 days 00:12:57.186000,,0 days 00:01:01.845000,0 days 00:00:19.900000,0 days 00:00:44.391000,0 days 00:13:44.343000,0 days 00:14:04.238000,0 days 00:14:48.513000,257.0,305.0,304.0,112.0,False
0 days 00:16:05.512000,7,0 days 00:01:16.999000,2,0,,,0 days 00:00:26.740000,0 days 00:00:17.282000,0 days 00:00:32.977000,0 days 00:15:15.253000,0 days 00:15:32.535000,0 days 00:16:05.512000,288.0,324.0,307.0,321.0,True
0 days 00:17:52.357000,7,0 days 00:01:46.845000,3,0,,,0 days 00:00:36.122000,0 days 00:00:24.182000,0 days 00:00:46.541000,0 days 00:16:41.634000,0 days 00:17:05.816000,0 days 00:17:52.357000,216.0,228.0,180.0,275.0,False
0 days 00:19:34.519000,7,0 days 00:01:42.162000,4,0,,,0 days 00:00:38.348000,0 days 00:00:23.060000,0 days 00:00:40.754000,0 days 00:18:30.705000,0 days 00:18:53.765000,0 days 00:19:34.519000,213.0,222.0,305.0,161.0,False
0 days 00:20:51.248000,7,0 days 00:01:16.729000,5,0,,,0 days 00:00:26.534000,0 days 00:00:17.153000,0 days 00:00:33.042000,0 days 00:20:01.053000,0 days 00:20:18.206000,0 days 00:20:51.248000,288.0,326.0,310.0,323.0,True
0 days 00:26:43.526000,7,,6,1,,0 days 00:22:31.737000,0 days 00:00:39.045000,0 days 00:00:20.881000,,0 days 00:21:30.644000,0 days 00:21:51.363000,,190.0,161.0,,290.0,False
0 days 00:29:00.862000,7,0 days 00:02:17.336000,7,1,0 days 00:27:07.257000,,0 days 00:01:13.648000,0 days 00:00:19.837000,0 days 00:00:43.851000,0 days 00:27:57.174000,0 days 00:28:17.011000,0 days 00:29:00.862000,259.0,264.0,308.0,66.0,False
0 days 00:30:17.177000,7,0 days 00:01:16.315000,8,1,,,0 days 00:00:26.381000,0 days 00:00:17.150000,0 days 00:00:32.784000,0 days 00:29:27.243000,0 days 00:29:44.393000,0 days 00:30:17.177000,289.0,326.0,309.0,325.0,True
0 days 00:41:28.698000,7,,9,2,,0 days 00:31:53.899000,0 days 00:00:34.030000,0 days 00:00:21.952000,,0 days 00:30:51.166000,0 days 00:31:13.091000,,213.0,250.0,,278.0,False
0 days 00:43:28.277000,7,0 days 00:01:59.579000,10,2,0 days 00:41:41.777000,,0 days 00:00:57.217000,0 days 00:00:20.133000,0 days 00:00:42.229000,0 days 00:42:25.915000,0 days 00:42:46.048000,0 days 00:43:28.277000,237.0,309.0,307.0,131.0,False
0 days 00:44:45.272000,7,0 days 00:01:16.995000,11,2,,,0 days 00:00:26.588000,0 days 00:00:17.170000,0 days 00:00:33.237000,0 days 00:43:54.865000,0 days 00:44:12.035000,0 days 00:44:45.272000,287.0,325.0,306.0,324.0,True
0 days 00:48:39.325000,7,,12,3,,0 days 00:46:21.219000,0 days 00:00:32.962000,0 days 00:00:20.958000,,0 days 00:45:18.273000,0 days 00:45:39.267000,,216.0,260.0,,272.0,False
0 days 00:51:03.029000,7,0 days 00:02:23.704000,13,3,0 days 00:49:02.388000,,0 days 00:01:17.010000,0 days 00:00:20.310000,0 days 00:00:46.384000,0 days 00:49:56.335000,0 days 00:50:16.645000,0 days 00:51:03.029000,253.0,308.0,310.0,101.0,False
0 days 00:52:19.892000,7,0 days 00:01:16.863000,14,3,,,0 days 00:00:26.270000,0 days 00:00:17.177000,0 days 00:00:33.416000,0 days 00:51:29.299000,0 days 00:51:46.476000,0 days 00:52:19.892000,288.0,328.0,310.0,327.0,True
0 days 00:54:01.052000,7,,15,3,,0 days 00:54:01.052000,0 days 00:00:41.063000,0 days 00:00:21.265000,,0 days 00:53:00.972000,0 days 00:53:22.230000,,134.0,278.0,,250.0,False
0 days 00:14:56.521000,27,0 days 00:01:56.272000,1,0,0 days 00:13:06.561000,,0 days 00:00:53.650000,0 days 00:00:20.891000,0 days 00:00:41.731000,0 days 00:13:54.018000,0 days 00:14:14.908000,0 days 00:14:56.521000,251.0,284.0,307.0,123.0,False
0 days 00:16:13.446000,27,0 days 00:01:16.925000,2,0,,,0 days 00:00:26.605000,0 days 00:00:17.309000,0 days 00:00:33.011000,0 days 00:15:23.126000,0 days 00:15:40.435000,0 days 00:16:13.446000,289.0,328.0,307.0,323.0,True
0 days 00:18:53.349000,27,,3,1,,0 days 00:17:53.578000,0 days 00:00:35.788000,0 days 00:00:21.248000,,0 days 00:16:49.286000,0 days 00:17:10.611000,,246.0,268.0,,232.0,False
0 days 00:21:02.541000,27,0 days 00:02:09.192000,4,1,0 days 00:19:00.508000,,0 days 00:01:00.064000,0 days 00:00:22.740000,0 days 00:00:46.388000,0 days 00:19:53.413000,0 days 00:20:16.153000,0 days 00:21:02.541000,231.0,158.0,309.0,114.0,False
0 days 00:22:24.018000,27,0 days 00:01:21.477000,5,1,,,0 days 00:00:26.506000,0 days 00:00:17.337000,0 days 00:00:37.634000,0 days 00:21:29.047000,0 days 00:21:46.384000,0 days 00:22:24.018000,288.0,327.0,274.0,328.0,False
0 days 00:27:48.413000,27,,6,2,,0 days 00:23:52.254000,0 days 00:00:33.004000,0 days 00:00:19.197000,,0 days 00:22:57.072000,0 days 00:23:16.290000,,253.0,292.0,,263.0,False
0 days 00:30:01.172000,27,0 days 00:02:12.759000,7,2,0 days 00:28:17.838000,,0 days 00:01:09.454000,0 days 00:00:20.098000,0 days 00:00:43.207000,0 days 00:28:57.867000,0 days 00:29:17.965000,0 days 00:30:01.172000,261.0,139.0,310.0,175.0,False
0 days 00:31:17.751000,27,0 days 00:01:16.579000,8,2,,,0 days 00:00:26.656000,0 days 00:00:17.201000,0 days 00:00:32.722000,0 days 00:30:27.828000,0 days 00:30:45.029000,0 days 00:31:17.751000,288.0,328.0,302.0,327.0,True
0 days 00:32:52.108000,27,,9,2,,0 days 00:32:52.108000,0 days 00:00:34.166000,0 days 00:00:20.612000,,0 days 00:31:51.963000,0 days 00:32:12.594000,,233.0,274.0,,239.0,False
0 days 00:15:17.861000,14,0 days 00:02:00.341000,1,0,0 days 00:13:29.995000,,0 days 00:01:00.576000,0 days 00:00:18.736000,0 days 00:00:41.029000,0 days 00:14:18.159000,0 days 00:14:36.853000,0 days 00:15:17.861000,264.0,310.0,308.0,135.0,False
0 days 00:16:34.407000,14,0 days 00:01:16.546000,2,0,,,0 days 00:00:26.495000,0 days 00:00:17.304000,0 days 00:00:32.747000,0 days 00:15:44.356000,0 days 00:16:01.660000,0 days 00:16:34.407000,289.0,324.0,308.0,324.0,True
0 days 00:19:59.930000,14,,3,1,,0 days 00:18:13.896000,0 days 00:00:34.049000,0 days 00:00:21.436000,,0 days 00:17:08.589000,0 days 00:17:29.971000,,186.0,237.0,,262.0,False
0 days 00:21:40.485000,14,0 days 00:01:40.555000,4,1,0 days 00:20:02.410000,,0 days 00:00:40.561000,0 days 00:00:19.470000,0 days 00:00:40.524000,0 days 00:20:40.491000,0 days 00:20:59.961000,0 days 00:21:40.485000,260.0,296.0,309.0,170.0,False
0 days 00:22:56.773000,14,0 days 00:01:16.288000,5,1,,,0 days 00:00:26.300000,0 days 00:00:17.107000,0 days 00:00:32.881000,0 days 00:22:06.785000,0 days 00:22:23.892000,0 days 00:22:56.773000,289.0,327.0,308.0,327.0,True
0 days 00:27:33.449000,14,,6,2,,0 days 00:24:38.216000,0 days 00:00:34.272000,0 days 00:00:22.482000,,0 days 00:23:31.086000,0 days 00:23:53.492000,,208.0,196.0,,249.0,False
0 days 00:29:54.892000,14,0 days 00:02:21.443000,7,2,0 days 00:27:47.980000,,0 days 00:01:17.711000,0 days 00:00:22.093000,0 days 00:00:41.639000,0 days 00:28:51.160000,0 days 00:29:13.253000,0 days 00:29:54.892000,257.0,310.0,311.0,126.0,False
0 days 00:39:31.590000,14,,8,3,,0 days 00:31:35.265000,0 days 00:00:35.079000,0 days 00:00:20.676000,,0 days 00:30:29.947000,0 days 00:30:50.773000,,253.0,254.0,,280.0,False
0 days 00:41:09.645000,14,0 days 00:01:38.055000,9,3,0 days 00:39:33.597000,,0 days 00:00:39.657000,0 days 00:00:19.494000,0 days 00:00:38.904000,0 days 00:40:11.247000,0 days 00:40:30.741000,0 days 00:41:09.645000,258.0,295.0,308.0,196.0,False
0 days 00:49:53.085000,14,,10,4,,0 days 00:42:29.829000,0 days 00:00:26.326000,0 days 00:00:17.252000,,0 days 00:41:35.978000,0 days 00:41:53.358000,,289.0,324.0,,324.0,False
0 days 00:52:11.155000,14,0 days 00:02:18.070000,11,4,0 days 00:50:21.081000,,0 days 00:01:17.253000,0 days 00:00:19.578000,0 days 00:00:41.239000,0 days 00:51:10.338000,0 days 00:51:29.916000,0 days 00:52:11.155000,258.0,247.0,311.0,172.0,False
0 days 00:53:27.608000,14,0 days 00:01:16.453000,12,4,,,0 days 00:00:26.374000,0 days 00:00:17.188000,0 days 00:00:32.891000,0 days 00:52:37.529000,0 days 00:52:54.717000,0 days 00:53:27.608000,287.0,328.0,305.0,330.0,True
0 days 00:55:10.155000,14,,13,4,,0 days 00:55:10.155000,0 days 00:00:35.087000,0 days 00:00:22.685000,,0 days 00:54:02.771000,0 days 00:54:25.452000,,199.0,204.0,,243.0,False
0 days 00:14:09.413000,31,,1,0,0 days 00:12:31.873000,,,0 days 00:00:19.465000,0 days 00:00:37.924000,,0 days 00:13:31.489000,0 days 00:14:09.437000,257.0,295.0,301.0,162.0,False
0 days 00:15:26.930000,31,0 days 00:01:17.517000,2,0,,,0 days 00:00:27.066000,0 days 00:00:17.337000,0 days 00:00:33.114000,0 days 00:14:36.479000,0 days 00:14:53.816000,0 days 00:15:26.930000,288.0,323.0,303.0,315.0,True
0 days 00:18:58.474000,31,,3,1,,0 days 00:17:02.506000,0 days 00:00:32.754000,0 days 00:00:23.633000,,0 days 00:15:59.831000,0 days 00:16:23.386000,,134.0,195.0,,271.0,False
0 days 00:21:08.278000,31,0 days 00:02:09.804000,4,1,0 days 00:19:07.601000,,0 days 00:01:04.408000,0 days 00:00:19.093000,0 days 00:00:46.303000,0 days 00:20:02.882000,0 days 00:20:21.975000,0 days 00:21:08.278000,256.0,302.0,306.0,122.0,False
0 days 00:22:25.425000,31,0 days 00:01:17.147000,5,1,,,0 days 00:00:26.686000,0 days 00:00:17.206000,0 days 00:00:33.255000,0 days 00:21:34.964000,0 days 00:21:52.170000,0 days 00:22:25.425000,288.0,327.0,307.0,322.0,True
0 days 00:27:05.233000,31,,6,2,,0 days 00:24:03.008000,0 days 00:00:34.779000,0 days 00:00:23.147000,,0 days 00:23:00.296000,0 days 00:23:23.427000,,250.0,174.0,,203.0,False
0 days 00:29:15.473000,31,0 days 00:02:10.240000,7,2,0 days 00:27:12.859000,,0 days 00:01:06.648000,0 days 00:00:21.854000,0 days 00:00:41.738000,0 days 00:28:11.881000,0 days 00:28:33.735000,0 days 00:29:15.473000,231.0,151.0,305.0,130.0,False
0 days 00:30:33.159000,31,0 days 00:01:17.686000,8,2,,,0 days 00:00:26.678000,0 days 00:00:17.331000,0 days 00:00:33.677000,0 days 00:29:42.151000,0 days 00:29:59.482000,0 days 00:30:33.159000,288.0,315.0,304.0,319.0,False
0 days 00:32:12.901000,31,,9,2,,0 days 00:32:12.901000,0 days 00:00:37.268000,0 days 00:00:20.676000,,0 days 00:31:10.461000,0 days 00:31:31.138000,,256.0,259.0,,216.0,False
0 days 00:14:54.121000,87,,1,0,0 days 00:12:39.496000,0 days 00:14:54.121000,,0 days 00:00:33.462000,,,0 days 00:14:01.668000,,98.0,159.0,,156.0,False
0 days 00:15:33.081000,30,0 days 00:02:04.421000,1,0,0 days 00:13:47.299000,,0 days 00:01:01.606000,0 days 00:00:23.679000,0 days 00:00:39.136000,0 days 00:14:30.287000,0 days 00:14:53.978000,0 days 00:15:33.105000,243.0,113.0,309.0,153.0,False
0 days 00:16:50.175000,30,0 days 00:01:17.094000,2,0,,,0 days 00:00:26.819000,0 days 00:00:17.362000,0 days 00:00:32.913000,0 days 00:15:59.900000,0 days 00:16:17.262000,0 days 00:16:50.175000,291.0,329.0,307.0,327.0,True
0 days 00:20:27.256000,30,,3,1,,0 days 00:18:25.334000,0 days 00:00:36.238000,0 days 00:00:20.969000,,0 days 00:17:26.461000,0 days 00:17:47.459000,,250.0,261.0,,278.0,False
0 days 00:22:28.973000,30,0 days 00:02:01.717000,4,1,0 days 00:20:36.787000,,0 days 00:00:53.857000,0 days 00:00:25.350000,0 days 00:00:42.510000,0 days 00:21:21.113000,0 days 00:21:46.463000,0 days 00:22:28.973000,182.0,155.0,313.0,148.0,False
0 days 00:25:52.525000,30,,5,2,,0 days 00:24:06.685000,0 days 00:00:38.900000,0 days 00:00:21.085000,,0 days 00:23:07.862000,0 days 00:23:28.962000,,210.0,280.0,,332.0,False
0 days 00:27:41.354000,30,0 days 00:01:48.829000,6,2,0 days 00:25:55.718000,,0 days 00:00:42.701000,0 days 00:00:24.686000,0 days 00:00:41.442000,0 days 00:26:35.226000,0 days 00:26:59.912000,0 days 00:27:41.354000,218.0,263.0,311.0,128.0,False
0 days 00:29:03.243000,30,,7,2,,0 days 00:29:03.243000,0 days 00:00:26.548000,0 days 00:00:17.191000,,0 days 00:28:07.973000,0 days 00:28:25.160000,,289.0,331.0,,328.0,False
