year,round,event,session,endpoint,file,rows,error
2025,1,Australian Grand Prix,Practice 1,timing_data,fastf1_season_data/2025_R1_Australian_Grand_Prix_Practice_1_timing_data.json,,
2025,1,Australian Grand Prix,Practice 1,timing_app_data,fastf1_season_data/2025_R1_Australian_Grand_Prix_Practice_1_timing_app_data.csv,687.0,
2025,1,Australian Grand Prix,Practice 1,car_data,fastf1_season_data/2025_R1_Australian_Grand_Prix_Practice_1_car_data.json,,
2025,1,Australian Grand Prix,Practice 1,position_data,fastf1_season_data/2025_R1_Australian_Grand_Prix_Practice_1_position_data.json,,
2025,1,Australian Grand Prix,Practice 1,track_status_data,fastf1_season_data/2025_R1_Australian_Grand_Prix_Practice_1_track_status_data.json,,
2025,1,Australian Grand Prix,Practice 1,session_status,,,missing_endpoint
2025,1,Australian Grand Prix,Practice 1,session_status_data,fastf1_season_data/2025_R1_Australian_Grand_Prix_Practice_1_session_status_data.json,,
2025,1,Australian Grand Prix,Practice 1,race_control_messages,fastf1_season_data/2025_R1_Australian_Grand_Prix_Practice_1_race_control_messages.json,,
2025,1,Australian Grand Prix,Practice 1,lap_count,,,"No data for this session! If this session only finished recently, please try again in a few minutes."
2025,1,Australian Grand Prix,Practice 1,driver_info,fastf1_season_data/2025_R1_Australian_Grand_Prix_Practice_1_driver_info.json,,
2025,1,Australian Grand Prix,Practice 1,weather_data,fastf1_season_data/2025_R1_Australian_Grand_Prix_Practice_1_weather_data.json,,
2025,1,Australian Grand Prix,Practice 2,timing_data,fastf1_season_data/2025_R1_Australian_Grand_Prix_Practice_2_timing_data.json,,
2025,1,Australian Grand Prix,Practice 2,timing_app_data,fastf1_season_data/2025_R1_Australian_Grand_Prix_Practice_2_timing_app_data.csv,838.0,
2025,1,Australian Grand Prix,Practice 2,car_data,fastf1_season_data/2025_R1_Australian_Grand_Prix_Practice_2_car_data.json,,
2025,1,Australian Grand Prix,Practice 2,position_data,fastf1_season_data/2025_R1_Australian_Grand_Prix_Practice_2_position_data.json,,
2025,1,Australian Grand Prix,Practice 2,track_status_data,fastf1_season_data/2025_R1_Australian_Grand_Prix_Practice_2_track_status_data.json,,
2025,1,Australian Grand Prix,Practice 2,session_status,,,missing_endpoint
2025,1,Australian Grand Prix,Practice 2,session_status_data,fastf1_season_data/2025_R1_Australian_Grand_Prix_Practice_2_session_status_data.json,,
2025,1,Australian Grand Prix,Practice 2,race_control_messages,fastf1_season_data/2025_R1_Australian_Grand_Prix_Practice_2_race_control_messages.json,,
2025,1,Australian Grand Prix,Practice 2,lap_count,,,"No data for this session! If this session only finished recently, please try again in a few minutes."
2025,1,Australian Grand Prix,Practice 2,driver_info,fastf1_season_data/2025_R1_Australian_Grand_Prix_Practice_2_driver_info.json,,
2025,1,Australian Grand Prix,Practice 2,weather_data,fastf1_season_data/2025_R1_Australian_Grand_Prix_Practice_2_weather_data.json,,
2025,1,Australian Grand Prix,Practice 3,timing_data,fastf1_season_data/2025_R1_Australian_Grand_Prix_Practice_3_timing_data.json,,
2025,1,Australian Grand Prix,Practice 3,timing_app_data,fastf1_season_data/2025_R1_Australian_Grand_Prix_Practice_3_timing_app_data.csv,637.0,
2025,1,Australian Grand Prix,Practice 3,car_data,fastf1_season_data/2025_R1_Australian_Grand_Prix_Practice_3_car_data.json,,
2025,1,Australian Grand Prix,Practice 3,position_data,fastf1_season_data/2025_R1_Australian_Grand_Prix_Practice_3_position_data.json,,
2025,1,Australian Grand Prix,Practice 3,track_status_data,fastf1_season_data/2025_R1_Australian_Grand_Prix_Practice_3_track_status_data.json,,
2025,1,Australian Grand Prix,Practice 3,session_status,,,missing_endpoint
2025,1,Australian Grand Prix,Practice 3,session_status_data,fastf1_season_data/2025_R1_Australian_Grand_Prix_Practice_3_session_status_data.json,,
2025,1,Australian Grand Prix,Practice 3,race_control_messages,fastf1_season_data/2025_R1_Australian_Grand_Prix_Practice_3_race_control_messages.json,,
2025,1,Australian Grand Prix,Practice 3,lap_count,,,"No data for this session! If this session only finished recently, please try again in a few minutes."
2025,1,Australian Grand Prix,Practice 3,driver_info,fastf1_season_data/2025_R1_Australian_Grand_Prix_Practice_3_driver_info.json,,
2025,1,Australian Grand Prix,Practice 3,weather_data,fastf1_season_data/2025_R1_Australian_Grand_Prix_Practice_3_weather_data.json,,
2025,1,Australian Grand Prix,Qualifying,timing_data,fastf1_season_data/2025_R1_Australian_Grand_Prix_Qualifying_timing_data.json,,
2025,1,Australian Grand Prix,Qualifying,timing_app_data,fastf1_season_data/2025_R1_Australian_Grand_Prix_Qualifying_timing_app_data.csv,579.0,
2025,1,Australian Grand Prix,Qualifying,car_data,fastf1_season_data/2025_R1_Australian_Grand_Prix_Qualifying_car_data.json,,
2025,1,Australian Grand Prix,Qualifying,position_data,fastf1_season_data/2025_R1_Australian_Grand_Prix_Qualifying_position_data.json,,
2025,1,Australian Grand Prix,Qualifying,track_status_data,fastf1_season_data/2025_R1_Australian_Grand_Prix_Qualifying_track_status_data.json,,
2025,1,Australian Grand Prix,Qualifying,session_status,,,missing_endpoint
2025,1,Australian Grand Prix,Qualifying,session_status_data,fastf1_season_data/2025_R1_Australian_Grand_Prix_Qualifying_session_status_data.json,,
2025,1,Australian Grand Prix,Qualifying,race_control_messages,fastf1_season_data/2025_R1_Australian_Grand_Prix_Qualifying_race_control_messages.json,,
2025,1,Australian Grand Prix,Qualifying,lap_count,,,"No data for this session! If this session only finished recently, please try again in a few minutes."
2025,1,Australian Grand Prix,Qualifying,driver_info,fastf1_season_data/2025_R1_Australian_Grand_Prix_Qualifying_driver_info.json,,
2025,1,Australian Grand Prix,Qualifying,weather_data,fastf1_season_data/2025_R1_Australian_Grand_Prix_Qualifying_weather_data.json,,
2025,1,Australian Grand Prix,Race,timing_data,fastf1_season_data/2025_R1_Australian_Grand_Prix_Race_timing_data.json,,
2025,1,Australian Grand Prix,Race,timing_app_data,fastf1_season_data/2025_R1_Australian_Grand_Prix_Race_timing_app_data.csv,1599.0,
2025,1,Australian Grand Prix,Race,car_data,fastf1_season_data/2025_R1_Australian_Grand_Prix_Race_car_data.json,,
2025,1,Australian Grand Prix,Race,position_data,fastf1_season_data/2025_R1_Australian_Grand_Prix_Race_position_data.json,,
2025,1,Australian Grand Prix,Race,track_status_data,fastf1_season_data/2025_R1_Australian_Grand_Prix_Race_track_status_data.json,,
2025,1,Australian Grand Prix,Race,session_status,,,missing_endpoint
2025,1,Australian Grand Prix,Race,session_status_data,fastf1_season_data/2025_R1_Australian_Grand_Prix_Race_session_status_data.json,,
2025,1,Australian Grand Prix,Race,race_control_messages,fastf1_season_data/2025_R1_Australian_Grand_Prix_Race_race_control_messages.json,,
2025,1,Australian Grand Prix,Race,lap_count,fastf1_season_data/2025_R1_Australian_Grand_Prix_Race_lap_count.json,,
2025,1,Australian Grand Prix,Race,driver_info,fastf1_season_data/2025_R1_Australian_Grand_Prix_Race_driver_info.json,,
2025,1,Australian Grand Prix,Race,weather_data,fastf1_season_data/2025_R1_Australian_Grand_Prix_Race_weather_data.json,,
2025,2,Chinese Grand Prix,Practice 1,timing_data,fastf1_season_data/2025_R2_Chinese_Grand_Prix_Practice_1_timing_data.json,,
2025,2,Chinese Grand Prix,Practice 1,timing_app_data,fastf1_season_data/2025_R2_Chinese_Grand_Prix_Practice_1_timing_app_data.csv,729.0,
2025,2,Chinese Grand Prix,Practice 1,car_data,fastf1_season_data/2025_R2_Chinese_Grand_Prix_Practice_1_car_data.json,,
2025,2,Chinese Grand Prix,Practice 1,position_data,fastf1_season_data/2025_R2_Chinese_Grand_Prix_Practice_1_position_data.json,,
2025,2,Chinese Grand Prix,Practice 1,track_status_data,fastf1_season_data/2025_R2_Chinese_Grand_Prix_Practice_1_track_status_data.json,,
2025,2,Chinese Grand Prix,Practice 1,session_status,,,missing_endpoint
2025,2,Chinese Grand Prix,Practice 1,session_status_data,fastf1_season_data/2025_R2_Chinese_Grand_Prix_Practice_1_session_status_data.json,,
2025,2,Chinese Grand Prix,Practice 1,race_control_messages,fastf1_season_data/2025_R2_Chinese_Grand_Prix_Practice_1_race_control_messages.json,,
2025,2,Chinese Grand Prix,Practice 1,lap_count,,,"No data for this session! If this session only finished recently, please try again in a few minutes."
2025,2,Chinese Grand Prix,Practice 1,driver_info,fastf1_season_data/2025_R2_Chinese_Grand_Prix_Practice_1_driver_info.json,,
2025,2,Chinese Grand Prix,Practice 1,weather_data,fastf1_season_data/2025_R2_Chinese_Grand_Prix_Practice_1_weather_data.json,,
2025,2,Chinese Grand Prix,Sprint Qualifying,timing_data,fastf1_season_data/2025_R2_Chinese_Grand_Prix_Sprint_Qualifying_timing_data.json,,
2025,2,Chinese Grand Prix,Sprint Qualifying,timing_app_data,fastf1_season_data/2025_R2_Chinese_Grand_Prix_Sprint_Qualifying_timing_app_data.csv,410.0,
2025,2,Chinese Grand Prix,Sprint Qualifying,car_data,fastf1_season_data/2025_R2_Chinese_Grand_Prix_Sprint_Qualifying_car_data.json,,
2025,2,Chinese Grand Prix,Sprint Qualifying,position_data,fastf1_season_data/2025_R2_Chinese_Grand_Prix_Sprint_Qualifying_position_data.json,,
2025,2,Chinese Grand Prix,Sprint Qualifying,track_status_data,fastf1_season_data/2025_R2_Chinese_Grand_Prix_Sprint_Qualifying_track_status_data.json,,
2025,2,Chinese Grand Prix,Sprint Qualifying,session_status,,,missing_endpoint
2025,2,Chinese Grand Prix,Sprint Qualifying,session_status_data,fastf1_season_data/2025_R2_Chinese_Grand_Prix_Sprint_Qualifying_session_status_data.json,,
2025,2,Chinese Grand Prix,Sprint Qualifying,race_control_messages,fastf1_season_data/2025_R2_Chinese_Grand_Prix_Sprint_Qualifying_race_control_messages.json,,
2025,2,Chinese Grand Prix,Sprint Qualifying,lap_count,,,"No data for this session! If this session only finished recently, please try again in a few minutes."
2025,2,Chinese Grand Prix,Sprint Qualifying,driver_info,fastf1_season_data/2025_R2_Chinese_Grand_Prix_Sprint_Qualifying_driver_info.json,,
2025,2,Chinese Grand Prix,Sprint Qualifying,weather_data,fastf1_season_data/2025_R2_Chinese_Grand_Prix_Sprint_Qualifying_weather_data.json,,
2025,2,Chinese Grand Prix,Sprint,timing_data,fastf1_season_data/2025_R2_Chinese_Grand_Prix_Sprint_timing_data.json,,
2025,2,Chinese Grand Prix,Sprint,timing_app_data,fastf1_season_data/2025_R2_Chinese_Grand_Prix_Sprint_timing_app_data.csv,453.0,
2025,2,Chinese Grand Prix,Sprint,car_data,fastf1_season_data/2025_R2_Chinese_Grand_Prix_Sprint_car_data.json,,
2025,2,Chinese Grand Prix,Sprint,position_data,fastf1_season_data/2025_R2_Chinese_Grand_Prix_Sprint_position_data.json,,
2025,2,Chinese Grand Prix,Sprint,track_status_data,fastf1_season_data/2025_R2_Chinese_Grand_Prix_Sprint_track_status_data.json,,
2025,2,Chinese Grand Prix,Sprint,session_status,,,missing_endpoint
2025,2,Chinese Grand Prix,Sprint,session_status_data,fastf1_season_data/2025_R2_Chinese_Grand_Prix_Sprint_session_status_data.json,,
2025,2,Chinese Grand Prix,Sprint,race_control_messages,fastf1_season_data/2025_R2_Chinese_Grand_Prix_Sprint_race_control_messages.json,,
2025,2,Chinese Grand Prix,Sprint,lap_count,fastf1_season_data/2025_R2_Chinese_Grand_Prix_Sprint_lap_count.json,,
2025,2,Chinese Grand Prix,Sprint,driver_info,fastf1_season_data/2025_R2_Chinese_Grand_Prix_Sprint_driver_info.json,,
2025,2,Chinese Grand Prix,Sprint,weather_data,fastf1_season_data/2025_R2_Chinese_Grand_Prix_Sprint_weather_data.json,,
2025,2,Chinese Grand Prix,Qualifying,timing_data,fastf1_season_data/2025_R2_Chinese_Grand_Prix_Qualifying_timing_data.json,,
2025,2,Chinese Grand Prix,Qualifying,timing_app_data,fastf1_season_data/2025_R2_Chinese_Grand_Prix_Qualifying_timing_app_data.csv,624.0,
2025,2,Chinese Grand Prix,Qualifying,car_data,fastf1_season_data/2025_R2_Chinese_Grand_Prix_Qualifying_car_data.json,,
2025,2,Chinese Grand Prix,Qualifying,position_data,fastf1_season_data/2025_R2_Chinese_Grand_Prix_Qualifying_position_data.json,,
2025,2,Chinese Grand Prix,Qualifying,track_status_data,fastf1_season_data/2025_R2_Chinese_Grand_Prix_Qualifying_track_status_data.json,,
2025,2,Chinese Grand Prix,Qualifying,session_status,,,missing_endpoint
2025,2,Chinese Grand Prix,Qualifying,session_status_data,fastf1_season_data/2025_R2_Chinese_Grand_Prix_Qualifying_session_status_data.json,,
2025,2,Chinese Grand Prix,Qualifying,race_control_messages,fastf1_season_data/2025_R2_Chinese_Grand_Prix_Qualifying_race_control_messages.json,,
2025,2,Chinese Grand Prix,Qualifying,lap_count,,,"No data for this session! If this session only finished recently, please try again in a few minutes."
2025,2,Chinese Grand Prix,Qualifying,driver_info,fastf1_season_data/2025_R2_Chinese_Grand_Prix_Qualifying_driver_info.json,,
2025,2,Chinese Grand Prix,Qualifying,weather_data,fastf1_season_data/2025_R2_Chinese_Grand_Prix_Qualifying_weather_data.json,,
2025,2,Chinese Grand Prix,Race,timing_data,fastf1_season_data/2025_R2_Chinese_Grand_Prix_Race_timing_data.json,,
2025,2,Chinese Grand Prix,Race,timing_app_data,fastf1_season_data/2025_R2_Chinese_Grand_Prix_Race_timing_app_data.csv,1379.0,
2025,2,Chinese Grand Prix,Race,car_data,fastf1_season_data/2025_R2_Chinese_Grand_Prix_Race_car_data.json,,
2025,2,Chinese Grand Prix,Race,position_data,fastf1_season_data/2025_R2_Chinese_Grand_Prix_Race_position_data.json,,
2025,2,Chinese Grand Prix,Race,track_status_data,fastf1_season_data/2025_R2_Chinese_Grand_Prix_Race_track_status_data.json,,
2025,2,Chinese Grand Prix,Race,session_status,,,missing_endpoint
2025,2,Chinese Grand Prix,Race,session_status_data,fastf1_season_data/2025_R2_Chinese_Grand_Prix_Race_session_status_data.json,,
2025,2,Chinese Grand Prix,Race,race_control_messages,fastf1_season_data/2025_R2_Chinese_Grand_Prix_Race_race_control_messages.json,,
2025,2,Chinese Grand Prix,Race,lap_count,fastf1_season_data/2025_R2_Chinese_Grand_Prix_Race_lap_count.json,,
2025,2,Chinese Grand Prix,Race,driver_info,fastf1_season_data/2025_R2_Chinese_Grand_Prix_Race_driver_info.json,,
2025,2,Chinese Grand Prix,Race,weather_data,fastf1_season_data/2025_R2_Chinese_Grand_Prix_Race_weather_data.json,,
